source_url,book_name,book_price
https://books.toscrape.com,A Light in the Attic,£51.77
https://books.toscrape.com,Tipping the Velvet,£53.74
https://books.toscrape.com,Soumission,£50.10
https://books.toscrape.com,Sharp Objects,£47.82
https://books.toscrape.com,Sapiens: A Brief History of Humankind,£54.23
https://books.toscrape.com,The Requiem Red,£22.65
https://books.toscrape.com,The Dirty Little Secrets of Getting Your Dream Job,£33.34
https://books.toscrape.com,"The Coming Woman: A Novel Based on the Life of the Infamous Feminist, Victoria Woodhull",£17.93
https://books.toscrape.com,The Boys in the Boat: Nine Americans and Their Epic Quest for Gold at the 1936 Berlin Olympics,£22.60
https://books.toscrape.com,The Black Maria,£52.15
https://books.toscrape.com,"Starving Hearts (Triangular Trade Trilogy, #1)",£13.99
https://books.toscrape.com,Shakespeare's Sonnets,£20.66
https://books.toscrape.com,Set Me Free,£17.46
https://books.toscrape.com,Scott Pilgrim's Precious Little Life (Scott Pilgrim #1),£52.29
https://books.toscrape.com,Rip it Up and Start Again,£35.02
https://books.toscrape.com,"Our Band Could Be Your Life: Scenes from the American Indie Underground, 1981-1991",£57.25
https://books.toscrape.com,Olio,£23.88
https://books.toscrape.com,Mesaerion: The Best Science Fiction Stories 1800-1849,£37.59
https://books.toscrape.com,Libertarianism for Beginners,£51.33
https://books.toscrape.com,It's Only the Himalayas,£45.17
https://books.toscrape.com/catalogue/page-2.html,In Her Wake,£12.84
https://books.toscrape.com/catalogue/page-2.html,How Music Works,£37.32
https://books.toscrape.com/catalogue/page-2.html,"Foolproof Preserving: A Guide to Small Batch Jams, Jellies, Pickles, Condiments, and More: A Foolproof Guide to Making Small Batch Jams, Jellies, Pickles, Condiments, and More",£30.52
https://books.toscrape.com/catalogue/page-2.html,Chase Me (Paris Nights #2),£25.27
https://books.toscrape.com/catalogue/page-2.html,Black Dust,£34.53
https://books.toscrape.com/catalogue/page-2.html,Birdsong: A Story in Pictures,£54.64
https://books.toscrape.com/catalogue/page-2.html,America's Cradle of Quarterbacks: Western Pennsylvania's Football Factory from Johnny Unitas to Joe Montana,£22.50
https://books.toscrape.com/catalogue/page-2.html,Aladdin and His Wonderful Lamp,£53.13
https://books.toscrape.com/catalogue/page-2.html,Worlds Elsewhere: Journeys Around Shakespeare’s Globe,£40.30
https://books.toscrape.com/catalogue/page-2.html,Wall and Piece,£44.18
https://books.toscrape.com/catalogue/page-2.html,The Four Agreements: A Practical Guide to Personal Freedom,£17.66
https://books.toscrape.com/catalogue/page-2.html,The Five Love Languages: How to Express Heartfelt Commitment to Your Mate,£31.05
https://books.toscrape.com/catalogue/page-2.html,The Elephant Tree,£23.82
https://books.toscrape.com/catalogue/page-2.html,The Bear and the Piano,£36.89
https://books.toscrape.com/catalogue/page-2.html,Sophie's World,£15.94
https://books.toscrape.com/catalogue/page-2.html,Penny Maybe,£33.29
https://books.toscrape.com/catalogue/page-2.html,Maude (1883-1993):She Grew Up with the country,£18.02
https://books.toscrape.com/catalogue/page-2.html,"In a Dark, Dark Wood",£19.63
https://books.toscrape.com/catalogue/page-2.html,Behind Closed Doors,£52.22
https://books.toscrape.com/catalogue/page-2.html,You can't bury them all: Poems,£33.63
https://books.toscrape.com/catalogue/page-3.html,Slow States of Collapse: Poems,£57.31
https://books.toscrape.com/catalogue/page-3.html,Reasons to Stay Alive,£26.41
https://books.toscrape.com/catalogue/page-3.html,Private Paris (Private #10),£47.61
https://books.toscrape.com/catalogue/page-3.html,#HigherSelfie: Wake Up Your Life. Free Your Soul. Find Your Tribe.,£23.11
https://books.toscrape.com/catalogue/page-3.html,Without Borders (Wanderlove #1),£45.07
https://books.toscrape.com/catalogue/page-3.html,When We Collided,£31.77
https://books.toscrape.com/catalogue/page-3.html,"We Love You, Charlie Freeman",£50.27
https://books.toscrape.com/catalogue/page-3.html,Untitled Collection: Sabbath Poems 2014,£14.27
https://books.toscrape.com/catalogue/page-3.html,"Unseen City: The Majesty of Pigeons, the Discreet Charm of Snails & Other Wonders of the Urban Wilderness",£44.18
https://books.toscrape.com/catalogue/page-3.html,Unicorn Tracks,£18.78
https://books.toscrape.com/catalogue/page-3.html,"Unbound: How Eight Technologies Made Us Human, Transformed Society, and Brought Our World to the Brink",£25.52
https://books.toscrape.com/catalogue/page-3.html,Tsubasa: WoRLD CHRoNiCLE 2 (Tsubasa WoRLD CHRoNiCLE #2),£16.28
https://books.toscrape.com/catalogue/page-3.html,Throwing Rocks at the Google Bus: How Growth Became the Enemy of Prosperity,£31.12
https://books.toscrape.com/catalogue/page-3.html,This One Summer,£19.49
https://books.toscrape.com/catalogue/page-3.html,Thirst,£17.27
https://books.toscrape.com/catalogue/page-3.html,The Torch Is Passed: A Harding Family Story,£19.09
https://books.toscrape.com/catalogue/page-3.html,The Secret of Dreadwillow Carse,£56.13
https://books.toscrape.com/catalogue/page-3.html,"The Pioneer Woman Cooks: Dinnertime: Comfort Classics, Freezer Food, 16-Minute Meals, and Other Delicious Ways to Solve Supper!",£56.41
https://books.toscrape.com/catalogue/page-3.html,The Past Never Ends,£56.50
https://books.toscrape.com/catalogue/page-3.html,The Natural History of Us (The Fine Art of Pretending #2),£45.22
https://books.toscrape.com/catalogue/page-4.html,The Nameless City (The Nameless City #1),£38.16
https://books.toscrape.com/catalogue/page-4.html,The Murder That Never Was (Forensic Instincts #5),£54.11
https://books.toscrape.com/catalogue/page-4.html,The Most Perfect Thing: Inside (and Outside) a Bird's Egg,£42.96
https://books.toscrape.com/catalogue/page-4.html,"The Mindfulness and Acceptance Workbook for Anxiety: A Guide to Breaking Free from Anxiety, Phobias, and Worry Using Acceptance and Commitment Therapy",£23.89
https://books.toscrape.com/catalogue/page-4.html,The Life-Changing Magic of Tidying Up: The Japanese Art of Decluttering and Organizing,£16.77
https://books.toscrape.com/catalogue/page-4.html,"The Inefficiency Assassin: Time Management Tactics for Working Smarter, Not Longer",£20.59
https://books.toscrape.com/catalogue/page-4.html,The Gutsy Girl: Escapades for Your Life of Epic Adventure,£37.13
https://books.toscrape.com/catalogue/page-4.html,The Electric Pencil: Drawings from Inside State Hospital No. 3,£56.06
https://books.toscrape.com/catalogue/page-4.html,The Death of Humanity: and the Case for Life,£58.11
https://books.toscrape.com/catalogue/page-4.html,"The Bulletproof Diet: Lose up to a Pound a Day, Reclaim Energy and Focus, Upgrade Your Life",£49.05
https://books.toscrape.com/catalogue/page-4.html,The Art Forger,£40.76
https://books.toscrape.com/catalogue/page-4.html,The Age of Genius: The Seventeenth Century and the Birth of the Modern Mind,£19.73
https://books.toscrape.com/catalogue/page-4.html,The Activist's Tao Te Ching: Ancient Advice for a Modern Revolution,£32.24
https://books.toscrape.com/catalogue/page-4.html,Spark Joy: An Illustrated Master Class on the Art of Organizing and Tidying Up,£41.83
https://books.toscrape.com/catalogue/page-4.html,Soul Reader,£39.58
https://books.toscrape.com/catalogue/page-4.html,Security,£39.25
https://books.toscrape.com/catalogue/page-4.html,"Saga, Volume 6 (Saga (Collected Editions) #6)",£25.02
https://books.toscrape.com/catalogue/page-4.html,"Saga, Volume 5 (Saga (Collected Editions) #5)",£51.04
https://books.toscrape.com/catalogue/page-4.html,Reskilling America: Learning to Labor in the Twenty-First Century,£19.83
https://books.toscrape.com/catalogue/page-4.html,"Rat Queens, Vol. 3: Demons (Rat Queens (Collected Editions) #11-15)",£50.40
https://books.toscrape.com/catalogue/page-5.html,"Princess Jellyfish 2-in-1 Omnibus, Vol. 01 (Princess Jellyfish 2-in-1 Omnibus #1)",£13.61
https://books.toscrape.com/catalogue/page-5.html,Princess Between Worlds (Wide-Awake Princess #5),£13.34
https://books.toscrape.com/catalogue/page-5.html,"Pop Gun War, Volume 1: Gift",£18.97
https://books.toscrape.com/catalogue/page-5.html,"Political Suicide: Missteps, Peccadilloes, Bad Calls, Backroom Hijinx, Sordid Pasts, Rotten Breaks, and Just Plain Dumb Mistakes in the Annals of American Politics",£36.28
https://books.toscrape.com/catalogue/page-5.html,Patience,£10.16
https://books.toscrape.com/catalogue/page-5.html,"Outcast, Vol. 1: A Darkness Surrounds Him (Outcast #1)",£15.44
https://books.toscrape.com/catalogue/page-5.html,orange: The Complete Collection 1 (orange: The Complete Collection #1),£48.41
https://books.toscrape.com/catalogue/page-5.html,Online Marketing for Busy Authors: A Step-By-Step Guide,£46.35
https://books.toscrape.com/catalogue/page-5.html,On a Midnight Clear,£14.07
https://books.toscrape.com/catalogue/page-5.html,Obsidian (Lux #1),£14.86
https://books.toscrape.com/catalogue/page-5.html,My Paris Kitchen: Recipes and Stories,£33.37
https://books.toscrape.com/catalogue/page-5.html,Masks and Shadows,£56.40
https://books.toscrape.com/catalogue/page-5.html,"Mama Tried: Traditional Italian Cooking for the Screwed, Crude, Vegan, and Tattooed",£14.02
https://books.toscrape.com/catalogue/page-5.html,"Lumberjanes, Vol. 2: Friendship to the Max (Lumberjanes #5-8)",£46.91
https://books.toscrape.com/catalogue/page-5.html,"Lumberjanes, Vol. 1: Beware the Kitten Holy (Lumberjanes #1-4)",£45.61
https://books.toscrape.com/catalogue/page-5.html,Lumberjanes Vol. 3: A Terrible Plan (Lumberjanes #9-12),£19.92
https://books.toscrape.com/catalogue/page-5.html,"Layered: Baking, Building, and Styling Spectacular Cakes",£40.11
https://books.toscrape.com/catalogue/page-5.html,Judo: Seven Steps to Black Belt (an Introductory Guide for Beginners),£53.90
https://books.toscrape.com/catalogue/page-5.html,Join,£35.67
https://books.toscrape.com/catalogue/page-5.html,In the Country We Love: My Family Divided,£22.00
https://books.toscrape.com/catalogue/page-6.html,Immunity: How Elie Metchnikoff Changed the Course of Modern Medicine,£57.36
https://books.toscrape.com/catalogue/page-6.html,"I Hate Fairyland, Vol. 1: Madly Ever After (I Hate Fairyland (Compilations) #1-5)",£29.17
https://books.toscrape.com/catalogue/page-6.html,I am a Hero Omnibus Volume 1,£54.63
https://books.toscrape.com/catalogue/page-6.html,How to Be Miserable: 40 Strategies You Already Use,£46.03
https://books.toscrape.com/catalogue/page-6.html,Her Backup Boyfriend (The Sorensen Family #1),£33.97
https://books.toscrape.com/catalogue/page-6.html,"Giant Days, Vol. 2 (Giant Days #5-8)",£22.11
https://books.toscrape.com/catalogue/page-6.html,Forever and Forever: The Courtship of Henry Longfellow and Fanny Appleton,£29.69
https://books.toscrape.com/catalogue/page-6.html,First and First (Five Boroughs #3),£15.97
https://books.toscrape.com/catalogue/page-6.html,Fifty Shades Darker (Fifty Shades #2),£21.96
https://books.toscrape.com/catalogue/page-6.html,Everydata: The Misinformation Hidden in the Little Data You Consume Every Day,£54.35
https://books.toscrape.com/catalogue/page-6.html,"Don't Be a Jerk: And Other Practical Advice from Dogen, Japan's Greatest Zen Master",£37.97
https://books.toscrape.com/catalogue/page-6.html,Danganronpa Volume 1,£51.99
https://books.toscrape.com/catalogue/page-6.html,Crown of Midnight (Throne of Glass #2),£43.29
https://books.toscrape.com/catalogue/page-6.html,"Codename Baboushka, Volume 1: The Conclave of Death",£36.72
https://books.toscrape.com/catalogue/page-6.html,Camp Midnight,£17.08
https://books.toscrape.com/catalogue/page-6.html,Call the Nurse: True Stories of a Country Nurse on a Scottish Isle,£29.14
https://books.toscrape.com/catalogue/page-6.html,Burning,£28.81
https://books.toscrape.com/catalogue/page-6.html,Bossypants,£49.46
https://books.toscrape.com/catalogue/page-6.html,"Bitch Planet, Vol. 1: Extraordinary Machine (Bitch Planet (Collected Editions))",£37.92
https://books.toscrape.com/catalogue/page-6.html,"Avatar: The Last Airbender: Smoke and Shadow, Part 3 (Smoke and Shadow #3)",£28.09
https://books.toscrape.com/catalogue/page-7.html,Algorithms to Live By: The Computer Science of Human Decisions,£30.81
https://books.toscrape.com/catalogue/page-7.html,A World of Flavor: Your Gluten Free Passport,£42.95
https://books.toscrape.com/catalogue/page-7.html,"A Piece of Sky, a Grain of Rice: A Memoir in Four Meditations",£56.76
https://books.toscrape.com/catalogue/page-7.html,A Murder in Time,£16.64
https://books.toscrape.com/catalogue/page-7.html,A Flight of Arrows (The Pathfinders #2),£55.53
https://books.toscrape.com/catalogue/page-7.html,A Fierce and Subtle Poison,£28.13
https://books.toscrape.com/catalogue/page-7.html,A Court of Thorns and Roses (A Court of Thorns and Roses #1),£52.37
https://books.toscrape.com/catalogue/page-7.html,(Un)Qualified: How God Uses Broken People to Do Big Things,£54.00
https://books.toscrape.com/catalogue/page-7.html,You Are What You Love: The Spiritual Power of Habit,£21.87
https://books.toscrape.com/catalogue/page-7.html,"William Shakespeare's Star Wars: Verily, A New Hope (William Shakespeare's Star Wars #4)",£43.30
https://books.toscrape.com/catalogue/page-7.html,Tuesday Nights in 1980,£21.04
https://books.toscrape.com/catalogue/page-7.html,Tracing Numbers on a Train,£41.60
https://books.toscrape.com/catalogue/page-7.html,Throne of Glass (Throne of Glass #1),£35.07
https://books.toscrape.com/catalogue/page-7.html,Thomas Jefferson and the Tripoli Pirates: The Forgotten War That Changed American History,£59.64
https://books.toscrape.com/catalogue/page-7.html,Thirteen Reasons Why,£52.72
https://books.toscrape.com/catalogue/page-7.html,The White Cat and the Monk: A Retelling of the Poem “Pangur Bán”,£58.08
https://books.toscrape.com/catalogue/page-7.html,The Wedding Dress,£24.12
https://books.toscrape.com/catalogue/page-7.html,The Vacationers,£42.15
https://books.toscrape.com/catalogue/page-7.html,The Third Wave: An Entrepreneur’s Vision of the Future,£12.61
https://books.toscrape.com/catalogue/page-7.html,The Stranger,£17.44
https://books.toscrape.com/catalogue/page-8.html,The Shadow Hero (The Shadow Hero),£33.14
https://books.toscrape.com/catalogue/page-8.html,The Secret (The Secret #1),£27.37
https://books.toscrape.com/catalogue/page-8.html,The Regional Office Is Under Attack!,£51.36
https://books.toscrape.com/catalogue/page-8.html,The Psychopath Test: A Journey Through the Madness Industry,£36.00
https://books.toscrape.com/catalogue/page-8.html,The Project,£10.65
https://books.toscrape.com/catalogue/page-8.html,The Power of Now: A Guide to Spiritual Enlightenment,£43.54
https://books.toscrape.com/catalogue/page-8.html,The Omnivore's Dilemma: A Natural History of Four Meals,£38.21
https://books.toscrape.com/catalogue/page-8.html,The Nerdy Nummies Cookbook: Sweet Treats for the Geek in All of Us,£37.34
https://books.toscrape.com/catalogue/page-8.html,The Murder of Roger Ackroyd (Hercule Poirot #4),£44.10
https://books.toscrape.com/catalogue/page-8.html,The Mistake (Off-Campus #2),£43.29
https://books.toscrape.com/catalogue/page-8.html,The Matchmaker's Playbook (Wingmen Inc. #1),£55.85
https://books.toscrape.com/catalogue/page-8.html,The Love and Lemons Cookbook: An Apple-to-Zucchini Celebration of Impromptu Cooking,£37.60
https://books.toscrape.com/catalogue/page-8.html,The Long Shadow of Small Ghosts: Murder and Memory in an American City,£10.97
https://books.toscrape.com/catalogue/page-8.html,The Kite Runner,£41.82
https://books.toscrape.com/catalogue/page-8.html,The House by the Lake,£36.95
https://books.toscrape.com/catalogue/page-8.html,The Glittering Court (The Glittering Court #1),£44.28
https://books.toscrape.com/catalogue/page-8.html,The Girl on the Train,£55.02
https://books.toscrape.com/catalogue/page-8.html,The Genius of Birds,£17.24
https://books.toscrape.com/catalogue/page-8.html,The Emerald Mystery,£23.15
https://books.toscrape.com/catalogue/page-8.html,The Cookies & Cups Cookbook: 125+ sweet & savory recipes reminding you to Always Eat Dessert First,£41.25
https://books.toscrape.com/catalogue/page-9.html,The Bridge to Consciousness: I'm Writing the Bridge Between Science and Our Old and New Beliefs.,£32.00
https://books.toscrape.com/catalogue/page-9.html,The Artist's Way: A Spiritual Path to Higher Creativity,£38.49
https://books.toscrape.com/catalogue/page-9.html,The Art of War,£33.34
https://books.toscrape.com/catalogue/page-9.html,The Argonauts,£10.93
https://books.toscrape.com/catalogue/page-9.html,The 10% Entrepreneur: Live Your Startup Dream Without Quitting Your Day Job,£27.55
https://books.toscrape.com/catalogue/page-9.html,Suddenly in Love (Lake Haven #1),£55.99
https://books.toscrape.com/catalogue/page-9.html,Something More Than This,£16.24
https://books.toscrape.com/catalogue/page-9.html,Soft Apocalypse,£26.12
https://books.toscrape.com/catalogue/page-9.html,So You've Been Publicly Shamed,£12.23
https://books.toscrape.com/catalogue/page-9.html,Shoe Dog: A Memoir by the Creator of NIKE,£23.99
https://books.toscrape.com/catalogue/page-9.html,"Shobu Samurai, Project Aryoku (#3)",£29.06
https://books.toscrape.com/catalogue/page-9.html,Secrets and Lace (Fatal Hearts #1),£20.27
https://books.toscrape.com/catalogue/page-9.html,Scarlett Epstein Hates It Here,£43.55
https://books.toscrape.com/catalogue/page-9.html,Romero and Juliet: A Tragic Tale of Love and Zombies,£36.94
https://books.toscrape.com/catalogue/page-9.html,Redeeming Love,£20.47
https://books.toscrape.com/catalogue/page-9.html,Poses for Artists Volume 1 - Dynamic and Sitting Poses: An Essential Reference for Figure Drawing and the Human Form,£41.06
https://books.toscrape.com/catalogue/page-9.html,Poems That Make Grown Women Cry,£14.19
https://books.toscrape.com/catalogue/page-9.html,"Nightingale, Sing",£38.28
https://books.toscrape.com/catalogue/page-9.html,Night Sky with Exit Wounds,£41.05
https://books.toscrape.com/catalogue/page-9.html,Mrs. Houdini,£30.25
https://books.toscrape.com/catalogue/page-10.html,Modern Romance,£28.26
https://books.toscrape.com/catalogue/page-10.html,Miss Peregrine’s Home for Peculiar Children (Miss Peregrine’s Peculiar Children #1),£10.76
https://books.toscrape.com/catalogue/page-10.html,Louisa: The Extraordinary Life of Mrs. Adams,£16.85
https://books.toscrape.com/catalogue/page-10.html,Little Red,£13.47
https://books.toscrape.com/catalogue/page-10.html,Library of Souls (Miss Peregrine’s Peculiar Children #3),£48.56
https://books.toscrape.com/catalogue/page-10.html,Large Print Heart of the Pride,£19.15
https://books.toscrape.com/catalogue/page-10.html,I Had a Nice Time And Other Lies...: How to find love & sh*t like that,£57.36
https://books.toscrape.com/catalogue/page-10.html,Hollow City (Miss Peregrine’s Peculiar Children #2),£42.98
https://books.toscrape.com/catalogue/page-10.html,Grumbles,£22.16
https://books.toscrape.com/catalogue/page-10.html,Full Moon over Noah’s Ark: An Odyssey to Mount Ararat and Beyond,£49.43
https://books.toscrape.com/catalogue/page-10.html,Frostbite (Vampire Academy #2),£29.99
https://books.toscrape.com/catalogue/page-10.html,Follow You Home,£21.36
https://books.toscrape.com/catalogue/page-10.html,First Steps for New Christians (Print Edition),£29.00
https://books.toscrape.com/catalogue/page-10.html,Finders Keepers (Bill Hodges Trilogy #2),£53.53
https://books.toscrape.com/catalogue/page-10.html,"Fables, Vol. 1: Legends in Exile (Fables #1)",£41.62
https://books.toscrape.com/catalogue/page-10.html,Eureka Trivia 6.0,£54.59
https://books.toscrape.com/catalogue/page-10.html,Drive: The Surprising Truth About What Motivates Us,£34.95
https://books.toscrape.com/catalogue/page-10.html,Done Rubbed Out (Reightman & Bailey #1),£37.72
https://books.toscrape.com/catalogue/page-10.html,Doing It Over (Most Likely To #1),£35.61
https://books.toscrape.com/catalogue/page-10.html,"Deliciously Ella Every Day: Quick and Easy Recipes for Gluten-Free Snacks, Packed Lunches, and Simple Meals",£42.16
https://books.toscrape.com/catalogue/page-11.html,Dark Notes,£19.19
https://books.toscrape.com/catalogue/page-11.html,"Daring Greatly: How the Courage to Be Vulnerable Transforms the Way We Live, Love, Parent, and Lead",£19.43
https://books.toscrape.com/catalogue/page-11.html,Close to You,£49.46
https://books.toscrape.com/catalogue/page-11.html,Chasing Heaven: What Dying Taught Me About Living,£37.80
https://books.toscrape.com/catalogue/page-11.html,Big Magic: Creative Living Beyond Fear,£30.80
https://books.toscrape.com/catalogue/page-11.html,Becoming Wise: An Inquiry into the Mystery and Art of Living,£27.43
https://books.toscrape.com/catalogue/page-11.html,Beauty Restored (Riley Family Legacy Novellas #3),£11.11
https://books.toscrape.com/catalogue/page-11.html,Batman: The Long Halloween (Batman),£36.50
https://books.toscrape.com/catalogue/page-11.html,Batman: The Dark Knight Returns (Batman),£15.38
https://books.toscrape.com/catalogue/page-11.html,Ayumi's Violin,£15.48
https://books.toscrape.com/catalogue/page-11.html,Anonymous,£46.82
https://books.toscrape.com/catalogue/page-11.html,Amy Meets the Saints and Sages,£18.46
https://books.toscrape.com/catalogue/page-11.html,Amid the Chaos,£36.58
https://books.toscrape.com/catalogue/page-11.html,Amatus,£50.54
https://books.toscrape.com/catalogue/page-11.html,Agnostic: A Spirited Manifesto,£12.51
https://books.toscrape.com/catalogue/page-11.html,Zealot: The Life and Times of Jesus of Nazareth,£24.70
https://books.toscrape.com/catalogue/page-11.html,You (You #1),£43.61
https://books.toscrape.com/catalogue/page-11.html,"Wonder Woman: Earth One, Volume One (Wonder Woman: Earth One #1)",£37.34
https://books.toscrape.com/catalogue/page-11.html,Wild Swans,£14.36
https://books.toscrape.com/catalogue/page-11.html,Why the Right Went Wrong: Conservatism--From Goldwater to the Tea Party and Beyond,£52.65
https://books.toscrape.com/catalogue/page-12.html,Whole Lotta Creativity Going On: 60 Fun and Unusual Exercises to Awaken and Strengthen Your Creativity,£38.20
https://books.toscrape.com/catalogue/page-12.html,What's It Like in Space?: Stories from Astronauts Who've Been There,£19.60
https://books.toscrape.com/catalogue/page-12.html,"We Are Robin, Vol. 1: The Vigilante Business (We Are Robin #1)",£53.90
https://books.toscrape.com/catalogue/page-12.html,Walt Disney's Alice in Wonderland,£12.96
https://books.toscrape.com/catalogue/page-12.html,V for Vendetta (V for Vendetta Complete),£37.10
https://books.toscrape.com/catalogue/page-12.html,Until Friday Night (The Field Party #1),£46.31
https://books.toscrape.com/catalogue/page-12.html,"Unbroken: A World War II Story of Survival, Resilience, and Redemption",£45.95
https://books.toscrape.com/catalogue/page-12.html,Twenty Yawns,£22.08
https://books.toscrape.com/catalogue/page-12.html,Through the Woods,£25.38
https://books.toscrape.com/catalogue/page-12.html,This Is Where It Ends,£27.12
https://books.toscrape.com/catalogue/page-12.html,The Year of Magical Thinking,£43.04
https://books.toscrape.com/catalogue/page-12.html,The Wright Brothers,£56.80
https://books.toscrape.com/catalogue/page-12.html,The White Queen (The Cousins' War #1),£25.91
https://books.toscrape.com/catalogue/page-12.html,The Wedding Pact (The O'Malleys #2),£32.61
https://books.toscrape.com/catalogue/page-12.html,The Time Keeper,£27.88
https://books.toscrape.com/catalogue/page-12.html,The Testament of Mary,£52.67
https://books.toscrape.com/catalogue/page-12.html,The Star-Touched Queen,£46.02
https://books.toscrape.com/catalogue/page-12.html,The Songs of the Gods,£44.48
https://books.toscrape.com/catalogue/page-12.html,The Song of Achilles,£37.40
https://books.toscrape.com/catalogue/page-12.html,The Rosie Project (Don Tillman #1),£54.04
https://books.toscrape.com/catalogue/page-13.html,The Power of Habit: Why We Do What We Do in Life and Business,£16.88
https://books.toscrape.com/catalogue/page-13.html,The Marriage of Opposites,£28.08
https://books.toscrape.com/catalogue/page-13.html,The Lucifer Effect: Understanding How Good People Turn Evil,£10.40
https://books.toscrape.com/catalogue/page-13.html,The Long Haul (Diary of a Wimpy Kid #9),£44.07
https://books.toscrape.com/catalogue/page-13.html,The Loney,£23.40
https://books.toscrape.com/catalogue/page-13.html,The Literature Book (Big Ideas Simply Explained),£17.43
https://books.toscrape.com/catalogue/page-13.html,The Last Mile (Amos Decker #2),£54.21
https://books.toscrape.com/catalogue/page-13.html,The Immortal Life of Henrietta Lacks,£40.67
https://books.toscrape.com/catalogue/page-13.html,The Hidden Oracle (The Trials of Apollo #1),£52.26
https://books.toscrape.com/catalogue/page-13.html,The Help Yourself Cookbook for Kids: 60 Easy Plant-Based Recipes Kids Can Make to Stay Healthy and Save the Earth,£28.77
https://books.toscrape.com/catalogue/page-13.html,The Guilty (Will Robie #4),£13.82
https://books.toscrape.com/catalogue/page-13.html,The First Hostage (J.B. Collins #2),£25.85
https://books.toscrape.com/catalogue/page-13.html,The Dovekeepers,£48.78
https://books.toscrape.com/catalogue/page-13.html,The Darkest Lie,£35.35
https://books.toscrape.com/catalogue/page-13.html,The Bane Chronicles (The Bane Chronicles #1-11),£44.73
https://books.toscrape.com/catalogue/page-13.html,The Bad-Ass Librarians of Timbuktu: And Their Race to Save the World’s Most Precious Manuscripts,£15.77
https://books.toscrape.com/catalogue/page-13.html,The 14th Colony (Cotton Malone #11),£39.24
https://books.toscrape.com/catalogue/page-13.html,That Darkness (Gardiner and Renner #1),£13.92
https://books.toscrape.com/catalogue/page-13.html,Tastes Like Fear (DI Marnie Rome #3),£10.69
https://books.toscrape.com/catalogue/page-13.html,Take Me with You,£45.21
https://books.toscrape.com/catalogue/page-14.html,Swell: A Year of Waves,£45.58
https://books.toscrape.com/catalogue/page-14.html,Superman Vol. 1: Before Truth (Superman by Gene Luen Yang #1),£11.89
https://books.toscrape.com/catalogue/page-14.html,Still Life with Bread Crumbs,£26.41
https://books.toscrape.com/catalogue/page-14.html,Steve Jobs,£39.50
https://books.toscrape.com/catalogue/page-14.html,Sorting the Beef from the Bull: The Science of Food Fraud Forensics,£44.74
https://books.toscrape.com/catalogue/page-14.html,Someone Like You (The Harrisons #2),£52.79
https://books.toscrape.com/catalogue/page-14.html,"So Cute It Hurts!!, Vol. 6 (So Cute It Hurts!! #6)",£35.43
https://books.toscrape.com/catalogue/page-14.html,Shtum,£55.84
https://books.toscrape.com/catalogue/page-14.html,See America: A Celebration of Our National Parks & Treasured Sites,£48.87
https://books.toscrape.com/catalogue/page-14.html,salt.,£46.78
https://books.toscrape.com/catalogue/page-14.html,Robin War,£47.82
https://books.toscrape.com/catalogue/page-14.html,"Red Hood/Arsenal, Vol. 1: Open for Business (Red Hood/Arsenal #1)",£25.48
https://books.toscrape.com/catalogue/page-14.html,Rain Fish,£23.57
https://books.toscrape.com/catalogue/page-14.html,"Quarter Life Poetry: Poems for the Young, Broke and Hangry",£50.89
https://books.toscrape.com/catalogue/page-14.html,Pet Sematary,£10.56
https://books.toscrape.com/catalogue/page-14.html,"Overload: How to Unplug, Unwind, and Unleash Yourself from the Pressure of Stress",£52.15
https://books.toscrape.com/catalogue/page-14.html,Once Was a Time,£18.28
https://books.toscrape.com/catalogue/page-14.html,Old School (Diary of a Wimpy Kid #10),£11.83
https://books.toscrape.com/catalogue/page-14.html,No Dream Is Too High: Life Lessons From a Man Who Walked on the Moon,£21.95
https://books.toscrape.com/catalogue/page-14.html,"Naruto (3-in-1 Edition), Vol. 14: Includes Vols. 40, 41 & 42 (Naruto: Omnibus #14)",£38.39
https://books.toscrape.com/catalogue/page-15.html,My Name Is Lucy Barton,£41.56
https://books.toscrape.com/catalogue/page-15.html,My Mrs. Brown,£24.48
https://books.toscrape.com/catalogue/page-15.html,My Kind of Crazy,£40.36
https://books.toscrape.com/catalogue/page-15.html,Mr. Mercedes (Bill Hodges Trilogy #1),£28.90
https://books.toscrape.com/catalogue/page-15.html,More Than Music (Chasing the Dream #1),£37.61
https://books.toscrape.com/catalogue/page-15.html,Made to Stick: Why Some Ideas Survive and Others Die,£38.85
https://books.toscrape.com/catalogue/page-15.html,Luis Paints the World,£53.95
https://books.toscrape.com/catalogue/page-15.html,Luckiest Girl Alive,£49.83
https://books.toscrape.com/catalogue/page-15.html,Lowriders to the Center of the Earth (Lowriders in Space #2),£51.51
https://books.toscrape.com/catalogue/page-15.html,Love Is a Mix Tape (Music #1),£18.03
https://books.toscrape.com/catalogue/page-15.html,Looking for Lovely: Collecting the Moments that Matter,£29.14
https://books.toscrape.com/catalogue/page-15.html,"Living Leadership by Insight: A Good Leader Achieves, a Great Leader Builds Monuments",£46.91
https://books.toscrape.com/catalogue/page-15.html,Let It Out: A Journey Through Journaling,£26.79
https://books.toscrape.com/catalogue/page-15.html,Lady Midnight (The Dark Artifices #1),£16.28
https://books.toscrape.com/catalogue/page-15.html,"It's All Easy: Healthy, Delicious Weeknight Meals in under 30 Minutes",£19.55
https://books.toscrape.com/catalogue/page-15.html,Island of Dragons (Unwanteds #7),£29.65
https://books.toscrape.com/catalogue/page-15.html,I Know What I'm Doing -- and Other Lies I Tell Myself: Dispatches from a Life Under Construction,£25.98
https://books.toscrape.com/catalogue/page-15.html,I Am Pilgrim (Pilgrim #1),£10.60
https://books.toscrape.com/catalogue/page-15.html,"Hyperbole and a Half: Unfortunate Situations, Flawed Coping Mechanisms, Mayhem, and Other Things That Happened",£14.75
https://books.toscrape.com/catalogue/page-15.html,"Hush, Hush (Hush, Hush #1)",£47.02
https://books.toscrape.com/catalogue/page-16.html,Hold Your Breath (Search and Rescue #1),£28.82
https://books.toscrape.com/catalogue/page-16.html,Hamilton: The Revolution,£58.79
https://books.toscrape.com/catalogue/page-16.html,Greek Mythic History,£10.23
https://books.toscrape.com/catalogue/page-16.html,God: The Most Unpleasant Character in All Fiction,£30.03
https://books.toscrape.com/catalogue/page-16.html,Glory over Everything: Beyond The Kitchen House,£45.84
https://books.toscrape.com/catalogue/page-16.html,Feathers: Displays of Brilliant Plumage,£49.05
https://books.toscrape.com/catalogue/page-16.html,"Far & Away: Places on the Brink of Change: Seven Continents, Twenty-Five Years",£15.06
https://books.toscrape.com/catalogue/page-16.html,Every Last Word,£46.47
https://books.toscrape.com/catalogue/page-16.html,Eligible (The Austen Project #4),£27.09
https://books.toscrape.com/catalogue/page-16.html,El Deafo,£57.62
https://books.toscrape.com/catalogue/page-16.html,Eight Hundred Grapes,£14.39
https://books.toscrape.com/catalogue/page-16.html,"Eaternity: More than 150 Deliciously Easy Vegan Recipes for a Long, Healthy, Satisfied, Joyful Life",£51.75
https://books.toscrape.com/catalogue/page-16.html,"Eat Fat, Get Thin",£54.07
https://books.toscrape.com/catalogue/page-16.html,Don't Get Caught,£55.35
https://books.toscrape.com/catalogue/page-16.html,Doctor Sleep (The Shining #2),£40.12
https://books.toscrape.com/catalogue/page-16.html,Demigods & Magicians: Percy and Annabeth Meet the Kanes (Percy Jackson & Kane Chronicles Crossover #1-3),£37.51
https://books.toscrape.com/catalogue/page-16.html,Dear Mr. Knightley,£11.21
https://books.toscrape.com/catalogue/page-16.html,Daily Fantasy Sports,£36.58
https://books.toscrape.com/catalogue/page-16.html,Crazy Love: Overwhelmed by a Relentless God,£47.72
https://books.toscrape.com/catalogue/page-16.html,Cometh the Hour (The Clifton Chronicles #6),£25.01
https://books.toscrape.com/catalogue/page-17.html,Code Name Verity (Code Name Verity #1),£22.13
https://books.toscrape.com/catalogue/page-17.html,Clockwork Angel (The Infernal Devices #1),£44.14
https://books.toscrape.com/catalogue/page-17.html,City of Glass (The Mortal Instruments #3),£56.02
https://books.toscrape.com/catalogue/page-17.html,City of Fallen Angels (The Mortal Instruments #4),£11.23
https://books.toscrape.com/catalogue/page-17.html,City of Bones (The Mortal Instruments #1),£43.28
https://books.toscrape.com/catalogue/page-17.html,City of Ashes (The Mortal Instruments #2),£47.27
https://books.toscrape.com/catalogue/page-17.html,Cell,£20.29
https://books.toscrape.com/catalogue/page-17.html,Catching Jordan (Hundred Oaks),£50.83
https://books.toscrape.com/catalogue/page-17.html,"Carry On, Warrior: Thoughts on Life Unarmed",£31.85
https://books.toscrape.com/catalogue/page-17.html,Carrie,£46.23
https://books.toscrape.com/catalogue/page-17.html,Buying In: The Secret Dialogue Between What We Buy and Who We Are,£37.80
https://books.toscrape.com/catalogue/page-17.html,Brain on Fire: My Month of Madness,£49.32
https://books.toscrape.com/catalogue/page-17.html,Batman: Europa,£32.01
https://books.toscrape.com/catalogue/page-17.html,Barefoot Contessa Back to Basics,£28.01
https://books.toscrape.com/catalogue/page-17.html,Barefoot Contessa at Home: Everyday Recipes You'll Make Over and Over Again,£50.62
https://books.toscrape.com/catalogue/page-17.html,Balloon Animals,£17.03
https://books.toscrape.com/catalogue/page-17.html,Art Ops Vol. 1,£48.80
https://books.toscrape.com/catalogue/page-17.html,Aristotle and Dante Discover the Secrets of the Universe (Aristotle and Dante Discover the Secrets of the Universe #1),£58.14
https://books.toscrape.com/catalogue/page-17.html,Angels Walking (Angels Walking #1),£34.20
https://books.toscrape.com/catalogue/page-17.html,Angels & Demons (Robert Langdon #1),£51.48
https://books.toscrape.com/catalogue/page-18.html,All the Light We Cannot See,£29.87
https://books.toscrape.com/catalogue/page-18.html,"Adulthood Is a Myth: A ""Sarah's Scribbles"" Collection",£10.90
https://books.toscrape.com/catalogue/page-18.html,Abstract City,£56.37
https://books.toscrape.com/catalogue/page-18.html,A Time of Torment (Charlie Parker #14),£48.35
https://books.toscrape.com/catalogue/page-18.html,A Study in Scarlet (Sherlock Holmes #1),£16.73
https://books.toscrape.com/catalogue/page-18.html,"A Series of Catastrophes and Miracles: A True Story of Love, Science, and Cancer",£56.48
https://books.toscrape.com/catalogue/page-18.html,A People's History of the United States,£40.79
https://books.toscrape.com/catalogue/page-18.html,A Man Called Ove,£39.72
https://books.toscrape.com/catalogue/page-18.html,A Distant Mirror: The Calamitous 14th Century,£14.58
https://books.toscrape.com/catalogue/page-18.html,A Brush of Wings (Angels Walking #3),£55.51
https://books.toscrape.com/catalogue/page-18.html,1491: New Revelations of the Americas Before Columbus,£21.80
https://books.toscrape.com/catalogue/page-18.html,"The Three Searches, Meaning, and the Story",£13.33
https://books.toscrape.com/catalogue/page-18.html,Searching for Meaning in Gailana,£38.73
https://books.toscrape.com/catalogue/page-18.html,Rook,£37.86
https://books.toscrape.com/catalogue/page-18.html,My Kitchen Year: 136 Recipes That Saved My Life,£11.53
https://books.toscrape.com/catalogue/page-18.html,13 Hours: The Inside Account of What Really Happened In Benghazi,£27.06
https://books.toscrape.com/catalogue/page-18.html,Will You Won't You Want Me?,£13.86
https://books.toscrape.com/catalogue/page-18.html,Tipping Point for Planet Earth: How Close Are We to the Edge?,£37.55
https://books.toscrape.com/catalogue/page-18.html,The Star-Touched Queen,£32.30
https://books.toscrape.com/catalogue/page-18.html,The Silent Sister (Riley MacPherson #1),£46.29
https://books.toscrape.com/catalogue/page-19.html,The Midnight Watch: A Novel of the Titanic and the Californian,£26.20
https://books.toscrape.com/catalogue/page-19.html,The Lonely City: Adventures in the Art of Being Alone,£33.26
https://books.toscrape.com/catalogue/page-19.html,The Gray Rhino: How to Recognize and Act on the Obvious Dangers We Ignore,£59.15
https://books.toscrape.com/catalogue/page-19.html,The Golden Condom: And Other Essays on Love Lost and Found,£39.43
https://books.toscrape.com/catalogue/page-19.html,The Epidemic (The Program 0.6),£14.44
https://books.toscrape.com/catalogue/page-19.html,The Dinner Party,£56.54
https://books.toscrape.com/catalogue/page-19.html,The Diary of a Young Girl,£59.90
https://books.toscrape.com/catalogue/page-19.html,The Children,£11.88
https://books.toscrape.com/catalogue/page-19.html,Stars Above (The Lunar Chronicles #4.5),£48.05
https://books.toscrape.com/catalogue/page-19.html,Snatched: How A Drug Queen Went Undercover for the DEA and Was Kidnapped By Colombian Guerillas,£21.21
https://books.toscrape.com/catalogue/page-19.html,Raspberry Pi Electronics Projects for the Evil Genius,£49.67
https://books.toscrape.com/catalogue/page-19.html,Quench Your Own Thirst: Business Lessons Learned Over a Beer or Two,£43.14
https://books.toscrape.com/catalogue/page-19.html,Psycho: Sanitarium (Psycho #1.5),£36.97
https://books.toscrape.com/catalogue/page-19.html,Poisonous (Max Revere Novels #3),£26.80
https://books.toscrape.com/catalogue/page-19.html,One with You (Crossfire #5),£15.71
https://books.toscrape.com/catalogue/page-19.html,No Love Allowed (Dodge Cove #1),£54.65
https://books.toscrape.com/catalogue/page-19.html,Murder at the 42nd Street Library (Raymond Ambler #1),£54.36
https://books.toscrape.com/catalogue/page-19.html,Most Wanted,£35.28
https://books.toscrape.com/catalogue/page-19.html,"Love, Lies and Spies",£20.55
https://books.toscrape.com/catalogue/page-19.html,How to Speak Golf: An Illustrated Guide to Links Lingo,£58.32
https://books.toscrape.com/catalogue/page-20.html,Hide Away (Eve Duncan #20),£11.84
https://books.toscrape.com/catalogue/page-20.html,Furiously Happy: A Funny Book About Horrible Things,£41.46
https://books.toscrape.com/catalogue/page-20.html,Everyday Italian: 125 Simple and Delicious Recipes,£20.10
https://books.toscrape.com/catalogue/page-20.html,Equal Is Unfair: America's Misguided Fight Against Income Inequality,£56.86
https://books.toscrape.com/catalogue/page-20.html,Eleanor & Park,£56.51
https://books.toscrape.com/catalogue/page-20.html,Dirty (Dive Bar #1),£40.83
https://books.toscrape.com/catalogue/page-20.html,Can You Keep a Secret? (Fear Street Relaunch #4),£48.64
https://books.toscrape.com/catalogue/page-20.html,Boar Island (Anna Pigeon #19),£59.48
https://books.toscrape.com/catalogue/page-20.html,A Paris Apartment,£39.01
https://books.toscrape.com/catalogue/page-20.html,"A la Mode: 120 Recipes in 60 Pairings: Pies, Tarts, Cakes, Crisps, and More Topped with Ice Cream, Gelato, Frozen Custard, and More",£38.77
https://books.toscrape.com/catalogue/page-20.html,Troublemaker: Surviving Hollywood and Scientology,£48.39
https://books.toscrape.com/catalogue/page-20.html,The Widow,£27.26
https://books.toscrape.com/catalogue/page-20.html,"The Sleep Revolution: Transforming Your Life, One Night at a Time",£11.68
https://books.toscrape.com/catalogue/page-20.html,The Improbability of Love,£59.45
https://books.toscrape.com/catalogue/page-20.html,The Art of Startup Fundraising,£21.00
https://books.toscrape.com/catalogue/page-20.html,Take Me Home Tonight (Rock Star Romance #3),£53.98
https://books.toscrape.com/catalogue/page-20.html,Sleeping Giants (Themis Files #1),£48.74
https://books.toscrape.com/catalogue/page-20.html,"Setting the World on Fire: The Brief, Astonishing Life of St. Catherine of Siena",£21.15
https://books.toscrape.com/catalogue/page-20.html,Playing with Fire,£13.71
https://books.toscrape.com/catalogue/page-20.html,Off the Hook (Fishing for Trouble #1),£47.67
https://books.toscrape.com/catalogue/page-21.html,Mothering Sunday,£13.34
https://books.toscrape.com/catalogue/page-21.html,"Mother, Can You Not?",£16.89
https://books.toscrape.com/catalogue/page-21.html,M Train,£27.18
https://books.toscrape.com/catalogue/page-21.html,Lilac Girls,£17.28
https://books.toscrape.com/catalogue/page-21.html,Lies and Other Acts of Love,£45.14
https://books.toscrape.com/catalogue/page-21.html,Lab Girl,£40.85
https://books.toscrape.com/catalogue/page-21.html,Keep Me Posted,£20.46
https://books.toscrape.com/catalogue/page-21.html,It Didn't Start with You: How Inherited Family Trauma Shapes Who We Are and How to End the Cycle,£56.27
https://books.toscrape.com/catalogue/page-21.html,Grey (Fifty Shades #4),£48.49
https://books.toscrape.com/catalogue/page-21.html,"Exit, Pursued by a Bear",£51.34
https://books.toscrape.com/catalogue/page-21.html,Daredevils,£16.34
https://books.toscrape.com/catalogue/page-21.html,Cravings: Recipes for What You Want to Eat,£20.50
https://books.toscrape.com/catalogue/page-21.html,Born for This: How to Find the Work You Were Meant to Do,£21.59
https://books.toscrape.com/catalogue/page-21.html,Arena,£21.36
https://books.toscrape.com/catalogue/page-21.html,Adultery,£20.88
https://books.toscrape.com/catalogue/page-21.html,A Mother's Reckoning: Living in the Aftermath of Tragedy,£19.53
https://books.toscrape.com/catalogue/page-21.html,A Gentleman's Position (Society of Gentlemen #3),£14.75
https://books.toscrape.com/catalogue/page-21.html,11/22/63,£48.48
https://books.toscrape.com/catalogue/page-21.html,"10% Happier: How I Tamed the Voice in My Head, Reduced Stress Without Losing My Edge, and Found Self-Help That Actually Works",£24.57
https://books.toscrape.com/catalogue/page-21.html,10-Day Green Smoothie Cleanse: Lose Up to 15 Pounds in 10 Days!,£49.71
https://books.toscrape.com/catalogue/page-22.html,Without Shame,£48.27
https://books.toscrape.com/catalogue/page-22.html,Watchmen,£58.05
https://books.toscrape.com/catalogue/page-22.html,Unlimited Intuition Now,£58.87
https://books.toscrape.com/catalogue/page-22.html,Underlying Notes,£11.82
https://books.toscrape.com/catalogue/page-22.html,The Shack,£28.03
https://books.toscrape.com/catalogue/page-22.html,The New Brand You: Your New Image Makes the Sale for You,£44.05
https://books.toscrape.com/catalogue/page-22.html,"The Moosewood Cookbook: Recipes from Moosewood Restaurant, Ithaca, New York",£12.34
https://books.toscrape.com/catalogue/page-22.html,The Flowers Lied,£16.68
https://books.toscrape.com/catalogue/page-22.html,"The Fabric of the Cosmos: Space, Time, and the Texture of Reality",£55.91
https://books.toscrape.com/catalogue/page-22.html,The Book of Mormon,£24.57
https://books.toscrape.com/catalogue/page-22.html,The Art and Science of Low Carbohydrate Living,£52.98
https://books.toscrape.com/catalogue/page-22.html,The Alien Club,£54.40
https://books.toscrape.com/catalogue/page-22.html,Suzie Snowflake: One beautiful flake (a self-esteem story),£54.81
https://books.toscrape.com/catalogue/page-22.html,Nap-a-Roo,£25.08
https://books.toscrape.com/catalogue/page-22.html,"NaNo What Now? Finding your editing process, revising your NaNoWriMo book and building a writing career through publishing and beyond",£10.41
https://books.toscrape.com/catalogue/page-22.html,Modern Day Fables,£47.44
https://books.toscrape.com/catalogue/page-22.html,If I Gave You God's Phone Number....: Searching for Spirituality in America,£20.91
https://books.toscrape.com/catalogue/page-22.html,"Fruits Basket, Vol. 9 (Fruits Basket #9)",£33.95
https://books.toscrape.com/catalogue/page-22.html,Dress Your Family in Corduroy and Denim,£43.68
https://books.toscrape.com/catalogue/page-22.html,Don't Forget Steven,£33.23
https://books.toscrape.com/catalogue/page-23.html,Chernobyl 01:23:40: The Incredible True Story of the World's Worst Nuclear Disaster,£35.92
https://books.toscrape.com/catalogue/page-23.html,Art and Fear: Observations on the Perils (and Rewards) of Artmaking,£48.63
https://books.toscrape.com/catalogue/page-23.html,A Shard of Ice (The Black Symphony Saga #1),£56.63
https://books.toscrape.com/catalogue/page-23.html,A Hero's Curse (The Unseen Chronicles #1),£50.49
https://books.toscrape.com/catalogue/page-23.html,23 Degrees South: A Tropical Tale of Changing Whether...,£35.79
https://books.toscrape.com/catalogue/page-23.html,"Zero to One: Notes on Startups, or How to Build the Future",£34.06
https://books.toscrape.com/catalogue/page-23.html,Why Not Me?,£17.76
https://books.toscrape.com/catalogue/page-23.html,When Breath Becomes Air,£39.36
https://books.toscrape.com/catalogue/page-23.html,Vagabonding: An Uncommon Guide to the Art of Long-Term World Travel,£36.94
https://books.toscrape.com/catalogue/page-23.html,The Unlikely Pilgrimage of Harold Fry (Harold Fry #1),£43.62
https://books.toscrape.com/catalogue/page-23.html,The New Drawing on the Right Side of the Brain,£43.02
https://books.toscrape.com/catalogue/page-23.html,"The Midnight Assassin: Panic, Scandal, and the Hunt for America's First Serial Killer",£28.45
https://books.toscrape.com/catalogue/page-23.html,The Martian (The Martian #1),£41.39
https://books.toscrape.com/catalogue/page-23.html,The High Mountains of Portugal,£51.15
https://books.toscrape.com/catalogue/page-23.html,The Grownup,£35.88
https://books.toscrape.com/catalogue/page-23.html,The E-Myth Revisited: Why Most Small Businesses Don't Work and What to Do About It,£36.91
https://books.toscrape.com/catalogue/page-23.html,South of Sunshine,£28.93
https://books.toscrape.com/catalogue/page-23.html,Smarter Faster Better: The Secrets of Being Productive in Life and Business,£38.89
https://books.toscrape.com/catalogue/page-23.html,Silence in the Dark (Logan Point #4),£58.33
https://books.toscrape.com/catalogue/page-23.html,Shadows of the Past (Logan Point #1),£39.67
https://books.toscrape.com/catalogue/page-24.html,Roller Girl,£14.10
https://books.toscrape.com/catalogue/page-24.html,Rising Strong,£21.82
https://books.toscrape.com/catalogue/page-24.html,Proofs of God: Classical Arguments from Tertullian to Barth,£54.21
https://books.toscrape.com/catalogue/page-24.html,Please Kill Me: The Uncensored Oral History of Punk,£31.19
https://books.toscrape.com/catalogue/page-24.html,Out of Print: City Lights Spotlight No. 14,£53.64
https://books.toscrape.com/catalogue/page-24.html,My Life Next Door (My Life Next Door ),£36.39
https://books.toscrape.com/catalogue/page-24.html,Miller's Valley,£58.54
https://books.toscrape.com/catalogue/page-24.html,Man's Search for Meaning,£29.48
https://books.toscrape.com/catalogue/page-24.html,"Love That Boy: What Two Presidents, Eight Road Trips, and My Son Taught Me About a Parent's Expectations",£25.06
https://books.toscrape.com/catalogue/page-24.html,Living Forward: A Proven Plan to Stop Drifting and Get the Life You Want,£12.55
https://books.toscrape.com/catalogue/page-24.html,Les Fleurs du Mal,£29.04
https://books.toscrape.com/catalogue/page-24.html,Left Behind (Left Behind #1),£40.72
https://books.toscrape.com/catalogue/page-24.html,Kill 'Em and Leave: Searching for James Brown and the American Soul,£45.05
https://books.toscrape.com/catalogue/page-24.html,Kierkegaard: A Christian Missionary to Christians,£47.13
https://books.toscrape.com/catalogue/page-24.html,John Vassos: Industrial Design for Modern Life,£20.22
https://books.toscrape.com/catalogue/page-24.html,I'll Give You the Sun,£56.48
https://books.toscrape.com/catalogue/page-24.html,I Will Find You,£44.21
https://books.toscrape.com/catalogue/page-24.html,Hystopia: A Novel,£21.96
https://books.toscrape.com/catalogue/page-24.html,Howl and Other Poems,£40.45
https://books.toscrape.com/catalogue/page-24.html,History of Beauty,£10.29
https://books.toscrape.com/catalogue/page-25.html,Heaven is for Real: A Little Boy's Astounding Story of His Trip to Heaven and Back,£52.86
https://books.toscrape.com/catalogue/page-25.html,Future Shock (Future Shock #1),£55.65
https://books.toscrape.com/catalogue/page-25.html,Ender's Game (The Ender Quintet #1),£43.64
https://books.toscrape.com/catalogue/page-25.html,Diary of a Citizen Scientist: Chasing Tiger Beetles and Other New Ways of Engaging the World,£28.41
https://books.toscrape.com/catalogue/page-25.html,Death by Leisure: A Cautionary Tale,£37.51
https://books.toscrape.com/catalogue/page-25.html,Brilliant Beacons: A History of the American Lighthouse,£11.45
https://books.toscrape.com/catalogue/page-25.html,Brazen: The Courage to Find the You That's Been Hiding,£19.22
https://books.toscrape.com/catalogue/page-25.html,Between the World and Me,£56.91
https://books.toscrape.com/catalogue/page-25.html,Being Mortal: Medicine and What Matters in the End,£55.06
https://books.toscrape.com/catalogue/page-25.html,"A Murder Over a Girl: Justice, Gender, Junior High",£13.20
https://books.toscrape.com/catalogue/page-25.html,32 Yolks,£53.63
https://books.toscrape.com/catalogue/page-25.html,"""Most Blessed of the Patriarchs"": Thomas Jefferson and the Empire of the Imagination",£44.48
https://books.toscrape.com/catalogue/page-25.html,You Are a Badass: How to Stop Doubting Your Greatness and Start Living an Awesome Life,£12.08
https://books.toscrape.com/catalogue/page-25.html,Wildlife of New York: A Five-Borough Coloring Book,£22.14
https://books.toscrape.com/catalogue/page-25.html,What Happened on Beale Street (Secrets of the South Mysteries #2),£25.37
https://books.toscrape.com/catalogue/page-25.html,Unreasonable Hope: Finding Faith in the God Who Brings Purpose to Your Pain,£46.33
https://books.toscrape.com/catalogue/page-25.html,Under the Tuscan Sun,£37.33
https://books.toscrape.com/catalogue/page-25.html,Toddlers Are A**holes: It's Not Your Fault,£25.55
https://books.toscrape.com/catalogue/page-25.html,The Year of Living Biblically: One Man's Humble Quest to Follow the Bible as Literally as Possible,£34.72
https://books.toscrape.com/catalogue/page-25.html,The Whale,£35.96
https://books.toscrape.com/catalogue/page-26.html,The Story of Art,£41.14
https://books.toscrape.com/catalogue/page-26.html,The Origin of Species,£10.01
https://books.toscrape.com/catalogue/page-26.html,The Great Gatsby,£36.05
https://books.toscrape.com/catalogue/page-26.html,The Good Girl,£49.03
https://books.toscrape.com/catalogue/page-26.html,The Glass Castle,£16.24
https://books.toscrape.com/catalogue/page-26.html,The Faith of Christopher Hitchens: The Restless Soul of the World's Most Notorious Atheist,£39.55
https://books.toscrape.com/catalogue/page-26.html,The Drowning Girls,£35.67
https://books.toscrape.com/catalogue/page-26.html,The Constant Princess (The Tudor Court #1),£16.62
https://books.toscrape.com/catalogue/page-26.html,The Bourne Identity (Jason Bourne #1),£42.78
https://books.toscrape.com/catalogue/page-26.html,The Bachelor Girl's Guide to Murder (Herringford and Watts Mysteries #1),£52.30
https://books.toscrape.com/catalogue/page-26.html,The Art Book,£32.34
https://books.toscrape.com/catalogue/page-26.html,The 7 Habits of Highly Effective People: Powerful Lessons in Personal Change,£33.17
https://books.toscrape.com/catalogue/page-26.html,Team of Rivals: The Political Genius of Abraham Lincoln,£20.12
https://books.toscrape.com/catalogue/page-26.html,Steal Like an Artist: 10 Things Nobody Told You About Being Creative,£20.90
https://books.toscrape.com/catalogue/page-26.html,"Sit, Stay, Love",£20.90
https://books.toscrape.com/catalogue/page-26.html,Sister Dear,£40.20
https://books.toscrape.com/catalogue/page-26.html,"Shrunken Treasures: Literary Classics, Short, Sweet, and Silly",£52.87
https://books.toscrape.com/catalogue/page-26.html,"Rich Dad, Poor Dad",£51.74
https://books.toscrape.com/catalogue/page-26.html,Raymie Nightingale,£34.41
https://books.toscrape.com/catalogue/page-26.html,Playing from the Heart,£32.38
https://books.toscrape.com/catalogue/page-27.html,Nightstruck: A Novel,£50.35
https://books.toscrape.com/catalogue/page-27.html,"Naturally Lean: 125 Nourishing Gluten-Free, Plant-Based Recipes--All Under 300 Calories",£11.38
https://books.toscrape.com/catalogue/page-27.html,Meternity,£43.58
https://books.toscrape.com/catalogue/page-27.html,Memoirs of a Geisha,£49.67
https://books.toscrape.com/catalogue/page-27.html,Like Never Before (Walker Family #2),£28.77
https://books.toscrape.com/catalogue/page-27.html,Life of Pi,£13.22
https://books.toscrape.com/catalogue/page-27.html,Leave This Song Behind: Teen Poetry at Its Best,£51.17
https://books.toscrape.com/catalogue/page-27.html,King's Folly (The Kinsman Chronicles #1),£39.61
https://books.toscrape.com/catalogue/page-27.html,John Adams,£57.43
https://books.toscrape.com/catalogue/page-27.html,How to Cook Everything Vegetarian: Simple Meatless Recipes for Great Food (How to Cook Everything),£46.01
https://books.toscrape.com/catalogue/page-27.html,How to Be a Domestic Goddess: Baking and the Art of Comfort Cooking,£28.25
https://books.toscrape.com/catalogue/page-27.html,Good in Bed (Cannie Shapiro #1),£37.05
https://books.toscrape.com/catalogue/page-27.html,"Fruits Basket, Vol. 7 (Fruits Basket #7)",£19.57
https://books.toscrape.com/catalogue/page-27.html,For the Love: Fighting for Grace in a World of Impossible Standards,£45.13
https://books.toscrape.com/catalogue/page-27.html,Finding God in the Ruins: How God Redeems Pain,£46.64
https://books.toscrape.com/catalogue/page-27.html,Every Heart a Doorway (Every Heart A Doorway #1),£12.16
https://books.toscrape.com/catalogue/page-27.html,Delivering the Truth (Quaker Midwife Mystery #1),£20.89
https://books.toscrape.com/catalogue/page-27.html,Counted With the Stars (Out from Egypt #1),£17.97
https://books.toscrape.com/catalogue/page-27.html,"Chronicles, Vol. 1",£52.60
https://books.toscrape.com/catalogue/page-27.html,Blue Like Jazz: Nonreligious Thoughts on Christian Spirituality,£25.77
https://books.toscrape.com/catalogue/page-28.html,Benjamin Franklin: An American Life,£48.19
https://books.toscrape.com/catalogue/page-28.html,"At The Existentialist Café: Freedom, Being, and apricot cocktails with: Jean-Paul Sartre, Simone de Beauvoir, Albert Camus, Martin Heidegger, Edmund Husserl, Karl Jaspers, Maurice Merleau-Ponty and others",£29.93
https://books.toscrape.com/catalogue/page-28.html,A Summer In Europe,£44.34
https://books.toscrape.com/catalogue/page-28.html,A Short History of Nearly Everything,£52.40
https://books.toscrape.com/catalogue/page-28.html,A Gathering of Shadows (Shades of Magic #2),£44.81
https://books.toscrape.com/catalogue/page-28.html,The Sound Of Love,£57.84
https://books.toscrape.com/catalogue/page-28.html,The Rise and Fall of the Third Reich: A History of Nazi Germany,£39.67
https://books.toscrape.com/catalogue/page-28.html,The Perks of Being a Wallflower,£55.02
https://books.toscrape.com/catalogue/page-28.html,The Mysterious Affair at Styles (Hercule Poirot #1),£24.80
https://books.toscrape.com/catalogue/page-28.html,The Man Who Mistook His Wife for a Hat and Other Clinical Tales,£59.45
https://books.toscrape.com/catalogue/page-28.html,The Makings of a Fatherless Child,£31.58
https://books.toscrape.com/catalogue/page-28.html,The Joy of Cooking,£43.27
https://books.toscrape.com/catalogue/page-28.html,The Invention of Wings,£37.34
https://books.toscrape.com/catalogue/page-28.html,The Hobbit (Middle-Earth Universe),£17.80
https://books.toscrape.com/catalogue/page-28.html,The Great Railway Bazaar,£30.54
https://books.toscrape.com/catalogue/page-28.html,The Golden Compass (His Dark Materials #1),£18.77
https://books.toscrape.com/catalogue/page-28.html,The God Delusion,£46.85
https://books.toscrape.com/catalogue/page-28.html,The Girl You Left Behind (The Girl You Left Behind #1),£15.79
https://books.toscrape.com/catalogue/page-28.html,The Fellowship of the Ring (The Lord of the Rings #1),£10.27
https://books.toscrape.com/catalogue/page-28.html,The Collected Poems of W.B. Yeats (The Collected Works of W.B. Yeats #1),£15.42
https://books.toscrape.com/catalogue/page-29.html,The Barefoot Contessa Cookbook,£59.92
https://books.toscrape.com/catalogue/page-29.html,Tell the Wolves I'm Home,£50.96
https://books.toscrape.com/catalogue/page-29.html,Ship Leaves Harbor: Essays on Travel by a Recovering Journeyman,£30.60
https://books.toscrape.com/catalogue/page-29.html,Pride and Prejudice,£19.27
https://books.toscrape.com/catalogue/page-29.html,Musicophilia: Tales of Music and the Brain,£46.58
https://books.toscrape.com/catalogue/page-29.html,Mere Christianity,£48.51
https://books.toscrape.com/catalogue/page-29.html,Me Before You (Me Before You #1),£19.02
https://books.toscrape.com/catalogue/page-29.html,In the Woods (Dublin Murder Squad #1),£38.38
https://books.toscrape.com/catalogue/page-29.html,In Cold Blood,£49.98
https://books.toscrape.com/catalogue/page-29.html,How to Stop Worrying and Start Living,£46.49
https://books.toscrape.com/catalogue/page-29.html,Give It Back,£18.32
https://books.toscrape.com/catalogue/page-29.html,"Girl, Interrupted",£42.14
https://books.toscrape.com/catalogue/page-29.html,Fun Home: A Family Tragicomic,£56.59
https://books.toscrape.com/catalogue/page-29.html,"Fruits Basket, Vol. 6 (Fruits Basket #6)",£20.96
https://books.toscrape.com/catalogue/page-29.html,Deception Point,£40.32
https://books.toscrape.com/catalogue/page-29.html,"Death Note, Vol. 6: Give-and-Take (Death Note #6)",£36.39
https://books.toscrape.com/catalogue/page-29.html,Catherine the Great: Portrait of a Woman,£58.55
https://books.toscrape.com/catalogue/page-29.html,Better Homes and Gardens New Cook Book,£39.61
https://books.toscrape.com/catalogue/page-29.html,An Unquiet Mind: A Memoir of Moods and Madness,£21.30
https://books.toscrape.com/catalogue/page-29.html,A Year in Provence (Provence #1),£56.88
https://books.toscrape.com/catalogue/page-30.html,World Without End (The Pillars of the Earth #2),£32.97
https://books.toscrape.com/catalogue/page-30.html,"Will Grayson, Will Grayson (Will Grayson, Will Grayson)",£47.31
https://books.toscrape.com/catalogue/page-30.html,Why Save the Bankers?: And Other Essays on Our Economic and Political Crisis,£48.67
https://books.toscrape.com/catalogue/page-30.html,Where She Went (If I Stay #2),£41.73
https://books.toscrape.com/catalogue/page-30.html,What If?: Serious Scientific Answers to Absurd Hypothetical Questions,£53.68
https://books.toscrape.com/catalogue/page-30.html,Two Summers,£14.64
https://books.toscrape.com/catalogue/page-30.html,This Is Your Brain on Music: The Science of a Human Obsession,£38.40
https://books.toscrape.com/catalogue/page-30.html,The Secret Garden,£15.08
https://books.toscrape.com/catalogue/page-30.html,The Raven King (The Raven Cycle #4),£30.57
https://books.toscrape.com/catalogue/page-30.html,The Raven Boys (The Raven Cycle #1),£57.74
https://books.toscrape.com/catalogue/page-30.html,The Power Greens Cookbook: 140 Delicious Superfood Recipes,£11.05
https://books.toscrape.com/catalogue/page-30.html,The Metamorphosis,£28.58
https://books.toscrape.com/catalogue/page-30.html,The Mathews Men: Seven Brothers and the War Against Hitler's U-boats,£42.91
https://books.toscrape.com/catalogue/page-30.html,The Little Paris Bookshop,£24.73
https://books.toscrape.com/catalogue/page-30.html,The Hiding Place,£55.91
https://books.toscrape.com/catalogue/page-30.html,The Grand Design,£13.76
https://books.toscrape.com/catalogue/page-30.html,The Firm,£45.56
https://books.toscrape.com/catalogue/page-30.html,The Fault in Our Stars,£47.22
https://books.toscrape.com/catalogue/page-30.html,The False Prince (The Ascendance Trilogy #1),£56.00
https://books.toscrape.com/catalogue/page-30.html,The Expatriates,£44.58
https://books.toscrape.com/catalogue/page-31.html,The Dream Thieves (The Raven Cycle #2),£34.50
https://books.toscrape.com/catalogue/page-31.html,The Darkest Corners,£11.33
https://books.toscrape.com/catalogue/page-31.html,The Crossover,£38.77
https://books.toscrape.com/catalogue/page-31.html,The 5th Wave (The 5th Wave #1),£11.83
https://books.toscrape.com/catalogue/page-31.html,Tell the Wind and Fire,£45.51
https://books.toscrape.com/catalogue/page-31.html,Tell Me Three Things,£41.81
https://books.toscrape.com/catalogue/page-31.html,Talking to Girls About Duran Duran: One Young Man's Quest for True Love and a Cooler Haircut,£25.15
https://books.toscrape.com/catalogue/page-31.html,Siddhartha,£34.22
https://books.toscrape.com/catalogue/page-31.html,Shiver (The Wolves of Mercy Falls #1),£16.23
https://books.toscrape.com/catalogue/page-31.html,Remember Me?,£11.48
https://books.toscrape.com/catalogue/page-31.html,Red Dragon (Hannibal Lecter #1),£23.37
https://books.toscrape.com/catalogue/page-31.html,Peak: Secrets from the New Science of Expertise,£16.28
https://books.toscrape.com/catalogue/page-31.html,My Mother Was Nuts,£31.63
https://books.toscrape.com/catalogue/page-31.html,Mexican Today: New and Rediscovered Recipes for Contemporary Kitchens,£24.91
https://books.toscrape.com/catalogue/page-31.html,Maybe Something Beautiful: How Art Transformed a Neighborhood,£22.54
https://books.toscrape.com/catalogue/page-31.html,Lola and the Boy Next Door (Anna and the French Kiss #2),£23.63
https://books.toscrape.com/catalogue/page-31.html,Logan Kade (Fallen Crest High #5.5),£13.12
https://books.toscrape.com/catalogue/page-31.html,Last One Home (New Beginnings #1),£59.98
https://books.toscrape.com/catalogue/page-31.html,Killing Floor (Jack Reacher #1),£31.49
https://books.toscrape.com/catalogue/page-31.html,Kill the Boy Band,£15.52
https://books.toscrape.com/catalogue/page-32.html,Isla and the Happily Ever After (Anna and the French Kiss #3),£48.13
https://books.toscrape.com/catalogue/page-32.html,If I Stay (If I Stay #1),£38.13
https://books.toscrape.com/catalogue/page-32.html,I Know Why the Caged Bird Sings (Maya Angelou's Autobiography #1),£36.55
https://books.toscrape.com/catalogue/page-32.html,Harry Potter and the Deathly Hallows (Harry Potter #7),£23.32
https://books.toscrape.com/catalogue/page-32.html,"Fruits Basket, Vol. 5 (Fruits Basket #5)",£16.33
https://books.toscrape.com/catalogue/page-32.html,Foundation (Foundation (Publication Order) #1),£32.42
https://books.toscrape.com/catalogue/page-32.html,Fool Me Once,£16.96
https://books.toscrape.com/catalogue/page-32.html,Find Her (Detective D.D. Warren #8),£22.37
https://books.toscrape.com/catalogue/page-32.html,Evicted: Poverty and Profit in the American City,£42.27
https://books.toscrape.com/catalogue/page-32.html,Drama,£38.70
https://books.toscrape.com/catalogue/page-32.html,Dracula the Un-Dead,£35.63
https://books.toscrape.com/catalogue/page-32.html,Digital Fortress,£58.00
https://books.toscrape.com/catalogue/page-32.html,"Death Note, Vol. 5: Whiteout (Death Note #5)",£52.41
https://books.toscrape.com/catalogue/page-32.html,"Data, A Love Story: How I Gamed Online Dating to Meet My Match",£32.35
https://books.toscrape.com/catalogue/page-32.html,Critique of Pure Reason,£20.75
https://books.toscrape.com/catalogue/page-32.html,Booked,£17.49
https://books.toscrape.com/catalogue/page-32.html,"Blue Lily, Lily Blue (The Raven Cycle #3)",£34.13
https://books.toscrape.com/catalogue/page-32.html,Approval Junkie: Adventures in Caring Too Much,£58.81
https://books.toscrape.com/catalogue/page-32.html,An Abundance of Katherines,£10.00
https://books.toscrape.com/catalogue/page-32.html,America's War for the Greater Middle East: A Military History,£51.22
https://books.toscrape.com/catalogue/page-33.html,Alight (The Generations Trilogy #2),£58.59
https://books.toscrape.com/catalogue/page-33.html,A Girl's Guide to Moving On (New Beginnings #2),£31.30
https://books.toscrape.com/catalogue/page-33.html,A Game of Thrones (A Song of Ice and Fire #1),£46.42
https://books.toscrape.com/catalogue/page-33.html,A Feast for Crows (A Song of Ice and Fire #4),£17.21
https://books.toscrape.com/catalogue/page-33.html,A Clash of Kings (A Song of Ice and Fire #2),£10.79
https://books.toscrape.com/catalogue/page-33.html,Vogue Colors A to Z: A Fashion Coloring Book,£52.35
https://books.toscrape.com/catalogue/page-33.html,The Shining (The Shining #1),£27.88
https://books.toscrape.com/catalogue/page-33.html,The Pilgrim's Progress,£50.26
https://books.toscrape.com/catalogue/page-33.html,The Perfect Play (Play by Play #1),£59.99
https://books.toscrape.com/catalogue/page-33.html,The Passion of Dolssa,£28.32
https://books.toscrape.com/catalogue/page-33.html,The Jazz of Physics: The Secret Link Between Music and the Structure of the Universe,£38.71
https://books.toscrape.com/catalogue/page-33.html,The Hunger Games (The Hunger Games #1),£29.85
https://books.toscrape.com/catalogue/page-33.html,The Hound of the Baskervilles (Sherlock Holmes #5),£14.82
https://books.toscrape.com/catalogue/page-33.html,The Gunning of America: Business and the Making of American Gun Culture,£16.81
https://books.toscrape.com/catalogue/page-33.html,The Geography of Bliss: One Grump's Search for the Happiest Places in the World,£28.23
https://books.toscrape.com/catalogue/page-33.html,The Demonists (Demonist #1),£52.11
https://books.toscrape.com/catalogue/page-33.html,"The Demon Prince of Momochi House, Vol. 4 (The Demon Prince of Momochi House #4)",£27.88
https://books.toscrape.com/catalogue/page-33.html,The Bone Hunters (Lexy Vaughan & Steven Macaulay #2),£59.71
https://books.toscrape.com/catalogue/page-33.html,The Beast (Black Dagger Brotherhood #14),£46.08
https://books.toscrape.com/catalogue/page-33.html,Some Women,£13.73
https://books.toscrape.com/catalogue/page-34.html,Shopaholic Ties the Knot (Shopaholic #3),£48.39
https://books.toscrape.com/catalogue/page-34.html,Paper and Fire (The Great Library #2),£49.45
https://books.toscrape.com/catalogue/page-34.html,Outlander (Outlander #1),£19.67
https://books.toscrape.com/catalogue/page-34.html,"Orchestra of Exiles: The Story of Bronislaw Huberman, the Israel Philharmonic, and the One Thousand Jews He Saved from Nazi Horrors",£12.36
https://books.toscrape.com/catalogue/page-34.html,No One Here Gets Out Alive,£20.02
https://books.toscrape.com/catalogue/page-34.html,Night Shift (Night Shift #1-20),£12.75
https://books.toscrape.com/catalogue/page-34.html,Needful Things,£47.51
https://books.toscrape.com/catalogue/page-34.html,Mockingjay (The Hunger Games #3),£20.44
https://books.toscrape.com/catalogue/page-34.html,Misery,£34.79
https://books.toscrape.com/catalogue/page-34.html,Little Women (Little Women #1),£28.07
https://books.toscrape.com/catalogue/page-34.html,It,£25.01
https://books.toscrape.com/catalogue/page-34.html,Harry Potter and the Sorcerer's Stone (Harry Potter #1),£13.90
https://books.toscrape.com/catalogue/page-34.html,Harry Potter and the Prisoner of Azkaban (Harry Potter #3),£24.17
https://books.toscrape.com/catalogue/page-34.html,Harry Potter and the Order of the Phoenix (Harry Potter #5),£31.63
https://books.toscrape.com/catalogue/page-34.html,Harry Potter and the Half-Blood Prince (Harry Potter #6),£48.75
https://books.toscrape.com/catalogue/page-34.html,Harry Potter and the Chamber of Secrets (Harry Potter #2),£14.74
https://books.toscrape.com/catalogue/page-34.html,Gone with the Wind,£32.49
https://books.toscrape.com/catalogue/page-34.html,God Is Not Great: How Religion Poisons Everything,£27.80
https://books.toscrape.com/catalogue/page-34.html,Girl With a Pearl Earring,£26.77
https://books.toscrape.com/catalogue/page-34.html,"Fruits Basket, Vol. 4 (Fruits Basket #4)",£50.44
https://books.toscrape.com/catalogue/page-35.html,Far From True (Promise Falls Trilogy #2),£34.93
https://books.toscrape.com/catalogue/page-35.html,Dark Lover (Black Dagger Brotherhood #1),£12.87
https://books.toscrape.com/catalogue/page-35.html,Confessions of a Shopaholic (Shopaholic #1),£48.94
https://books.toscrape.com/catalogue/page-35.html,Changing the Game (Play by Play #2),£13.38
https://books.toscrape.com/catalogue/page-35.html,Candide,£58.63
https://books.toscrape.com/catalogue/page-35.html,Can You Keep a Secret?,£21.94
https://books.toscrape.com/catalogue/page-35.html,Atlas Shrugged,£26.58
https://books.toscrape.com/catalogue/page-35.html,Animal Farm,£57.22
https://books.toscrape.com/catalogue/page-35.html,A Walk to Remember,£56.43
https://books.toscrape.com/catalogue/page-35.html,A New Earth: Awakening to Your Life's Purpose,£55.65
https://books.toscrape.com/catalogue/page-35.html,"A History of God: The 4,000-Year Quest of Judaism, Christianity, and Islam",£27.62
https://books.toscrape.com/catalogue/page-35.html,'Salem's Lot,£49.56
https://books.toscrape.com/catalogue/page-35.html,Zero History (Blue Ant #3),£34.77
https://books.toscrape.com/catalogue/page-35.html,Wuthering Heights,£17.73
https://books.toscrape.com/catalogue/page-35.html,World War Z: An Oral History of the Zombie War,£21.80
https://books.toscrape.com/catalogue/page-35.html,Wild: From Lost to Found on the Pacific Crest Trail,£46.02
https://books.toscrape.com/catalogue/page-35.html,"Where'd You Go, Bernadette",£18.13
https://books.toscrape.com/catalogue/page-35.html,When You Are Engulfed in Flames,£30.89
https://books.toscrape.com/catalogue/page-35.html,We the People: The Modern-Day Figures Who Have Reshaped and Affirmed the Founding Fathers' Vision of America,£31.95
https://books.toscrape.com/catalogue/page-35.html,We Are All Completely Beside Ourselves,£24.04
https://books.toscrape.com/catalogue/page-36.html,Walk the Edge (Thunder Road #2),£32.36
https://books.toscrape.com/catalogue/page-36.html,Voyager (Outlander #3),£21.07
https://books.toscrape.com/catalogue/page-36.html,Very Good Lives: The Fringe Benefits of Failure and the Importance of Imagination,£50.66
https://books.toscrape.com/catalogue/page-36.html,Vegan Vegetarian Omnivore: Dinner for Everyone at the Table,£13.66
https://books.toscrape.com/catalogue/page-36.html,"Unstuffed: Decluttering Your Home, Mind, and Soul",£58.09
https://books.toscrape.com/catalogue/page-36.html,Under the Banner of Heaven: A Story of Violent Faith,£30.00
https://books.toscrape.com/catalogue/page-36.html,Two Boys Kissing,£32.74
https://books.toscrape.com/catalogue/page-36.html,Twilight (Twilight #1),£41.93
https://books.toscrape.com/catalogue/page-36.html,Twenties Girl,£42.80
https://books.toscrape.com/catalogue/page-36.html,"Trespassing Across America: One Man's Epic, Never-Done-Before (and Sort of Illegal) Hike Across the Heartland",£53.51
https://books.toscrape.com/catalogue/page-36.html,Three-Martini Lunch,£23.21
https://books.toscrape.com/catalogue/page-36.html,"Thinking, Fast and Slow",£21.14
https://books.toscrape.com/catalogue/page-36.html,The Wild Robot,£56.07
https://books.toscrape.com/catalogue/page-36.html,"The Wicked + The Divine, Vol. 3: Commercial Suicide (The Wicked + The Divine)",£14.41
https://books.toscrape.com/catalogue/page-36.html,The Undomestic Goddess,£45.75
https://books.toscrape.com/catalogue/page-36.html,The Travelers,£15.77
https://books.toscrape.com/catalogue/page-36.html,The Tipping Point: How Little Things Can Make a Big Difference,£10.02
https://books.toscrape.com/catalogue/page-36.html,The Thing About Jellyfish,£48.77
https://books.toscrape.com/catalogue/page-36.html,The Stand,£57.86
https://books.toscrape.com/catalogue/page-36.html,The Smitten Kitchen Cookbook,£23.59
https://books.toscrape.com/catalogue/page-37.html,The Silkworm (Cormoran Strike #2),£23.05
https://books.toscrape.com/catalogue/page-37.html,"The Sandman, Vol. 3: Dream Country (The Sandman (volumes) #3)",£55.55
https://books.toscrape.com/catalogue/page-37.html,The Rose & the Dagger (The Wrath and the Dawn #2),£58.64
https://books.toscrape.com/catalogue/page-37.html,The Road to Little Dribbling: Adventures of an American in Britain (Notes From a Small Island #2),£23.21
https://books.toscrape.com/catalogue/page-37.html,The Rise of Theodore Roosevelt (Theodore Roosevelt #1),£42.57
https://books.toscrape.com/catalogue/page-37.html,The Restaurant at the End of the Universe (Hitchhiker's Guide to the Galaxy #2),£10.92
https://books.toscrape.com/catalogue/page-37.html,The Rest Is Noise: Listening to the Twentieth Century,£34.77
https://books.toscrape.com/catalogue/page-37.html,The Red Tent,£35.66
https://books.toscrape.com/catalogue/page-37.html,The Purpose Driven Life: What on Earth Am I Here for?,£37.19
https://books.toscrape.com/catalogue/page-37.html,The Purest Hook (Second Circle Tattoos #3),£12.25
https://books.toscrape.com/catalogue/page-37.html,The Picture of Dorian Gray,£29.70
https://books.toscrape.com/catalogue/page-37.html,The Paris Wife,£36.80
https://books.toscrape.com/catalogue/page-37.html,The Obsession,£45.43
https://books.toscrape.com/catalogue/page-37.html,The Nightingale,£26.26
https://books.toscrape.com/catalogue/page-37.html,The New Guy (and Other Senior Year Distractions),£44.92
https://books.toscrape.com/catalogue/page-37.html,The Nanny Diaries (Nanny #1),£52.53
https://books.toscrape.com/catalogue/page-37.html,The Name of God is Mercy,£37.25
https://books.toscrape.com/catalogue/page-37.html,The Maze Runner (The Maze Runner #1),£20.93
https://books.toscrape.com/catalogue/page-37.html,The Lover's Dictionary,£58.09
https://books.toscrape.com/catalogue/page-37.html,The Lonely Ones,£43.59
https://books.toscrape.com/catalogue/page-38.html,The Lean Startup: How Today's Entrepreneurs Use Continuous Innovation to Create Radically Successful Businesses,£33.92
https://books.toscrape.com/catalogue/page-38.html,The Last Painting of Sara de Vos,£55.55
https://books.toscrape.com/catalogue/page-38.html,"The Land of 10,000 Madonnas",£29.64
https://books.toscrape.com/catalogue/page-38.html,The Infinities,£27.41
https://books.toscrape.com/catalogue/page-38.html,The Husband's Secret,£52.51
https://books.toscrape.com/catalogue/page-38.html,The Hitchhiker's Guide to the Galaxy (Hitchhiker's Guide to the Galaxy #1),£47.80
https://books.toscrape.com/catalogue/page-38.html,The Guns of August,£14.54
https://books.toscrape.com/catalogue/page-38.html,The Guernsey Literary and Potato Peel Pie Society,£49.53
https://books.toscrape.com/catalogue/page-38.html,The Goldfinch,£43.58
https://books.toscrape.com/catalogue/page-38.html,The Giver (The Giver Quartet #1),£12.30
https://books.toscrape.com/catalogue/page-38.html,The Girl with All the Gifts,£49.47
https://books.toscrape.com/catalogue/page-38.html,The Girl Who Played with Fire (Millennium Trilogy #2),£22.14
https://books.toscrape.com/catalogue/page-38.html,The Girl Who Kicked the Hornet's Nest (Millennium Trilogy #3),£57.48
https://books.toscrape.com/catalogue/page-38.html,The Exiled,£43.45
https://books.toscrape.com/catalogue/page-38.html,"The End of Faith: Religion, Terror, and the Future of Reason",£22.13
https://books.toscrape.com/catalogue/page-38.html,"The Elegant Universe: Superstrings, Hidden Dimensions, and the Quest for the Ultimate Theory",£13.03
https://books.toscrape.com/catalogue/page-38.html,"The Disappearing Spoon: And Other True Tales of Madness, Love, and the History of the World from the Periodic Table of the Elements",£57.35
https://books.toscrape.com/catalogue/page-38.html,The Devil Wears Prada (The Devil Wears Prada #1),£44.29
https://books.toscrape.com/catalogue/page-38.html,The Demon-Haunted World: Science as a Candle in the Dark,£52.25
https://books.toscrape.com/catalogue/page-38.html,The Day the Crayons Came Home (Crayons),£26.33
https://books.toscrape.com/catalogue/page-39.html,The Da Vinci Code (Robert Langdon #2),£22.96
https://books.toscrape.com/catalogue/page-39.html,The Cuckoo's Calling (Cormoran Strike #1),£19.21
https://books.toscrape.com/catalogue/page-39.html,The Complete Stories and Poems (The Works of Edgar Allan Poe [Cameo Edition]),£26.78
https://books.toscrape.com/catalogue/page-39.html,The Complete Poems,£41.32
https://books.toscrape.com/catalogue/page-39.html,The Catcher in the Rye,£24.55
https://books.toscrape.com/catalogue/page-39.html,The Cat in the Hat (Beginner Books B-1),£16.26
https://books.toscrape.com/catalogue/page-39.html,The Case for Christ (Cases for Christianity),£47.84
https://books.toscrape.com/catalogue/page-39.html,The Book Thief,£53.49
https://books.toscrape.com/catalogue/page-39.html,The Book of Basketball: The NBA According to The Sports Guy,£44.84
https://books.toscrape.com/catalogue/page-39.html,The Blind Side: Evolution of a Game,£53.71
https://books.toscrape.com/catalogue/page-39.html,The Autobiography of Malcolm X,£23.43
https://books.toscrape.com/catalogue/page-39.html,"The Art of Simple Food: Notes, Lessons, and Recipes from a Delicious Revolution",£34.32
https://books.toscrape.com/catalogue/page-39.html,The Art of Fielding,£22.10
https://books.toscrape.com/catalogue/page-39.html,"Surely You're Joking, Mr. Feynman!: Adventures of a Curious Character",£25.83
https://books.toscrape.com/catalogue/page-39.html,Stiff: The Curious Lives of Human Cadavers,£36.74
https://books.toscrape.com/catalogue/page-39.html,Spilled Milk: Based on a True Story,£49.51
https://books.toscrape.com/catalogue/page-39.html,Something Borrowed (Darcy & Rachel #1),£48.96
https://books.toscrape.com/catalogue/page-39.html,Something Blue (Darcy & Rachel #2),£54.62
https://books.toscrape.com/catalogue/page-39.html,Soldier (Talon #3),£24.72
https://books.toscrape.com/catalogue/page-39.html,Shopaholic & Baby (Shopaholic #5),£46.45
https://books.toscrape.com/catalogue/page-40.html,Seven Days in the Art World,£52.33
https://books.toscrape.com/catalogue/page-40.html,Seven Brief Lessons on Physics,£30.60
https://books.toscrape.com/catalogue/page-40.html,Scarlet (The Lunar Chronicles #2),£14.57
https://books.toscrape.com/catalogue/page-40.html,Sarah's Key,£46.29
https://books.toscrape.com/catalogue/page-40.html,"Saga, Volume 3 (Saga (Collected Editions) #3)",£21.57
https://books.toscrape.com/catalogue/page-40.html,Running with Scissors,£12.91
https://books.toscrape.com/catalogue/page-40.html,Rogue Lawyer (Rogue Lawyer #1),£50.11
https://books.toscrape.com/catalogue/page-40.html,"Rise of the Rocket Girls: The Women Who Propelled Us, from Missiles to the Moon to Mars",£41.67
https://books.toscrape.com/catalogue/page-40.html,Rework,£44.88
https://books.toscrape.com/catalogue/page-40.html,Reservations for Two,£11.10
https://books.toscrape.com/catalogue/page-40.html,Red: The True Story of Red Riding Hood,£28.54
https://books.toscrape.com/catalogue/page-40.html,Ready Player One,£19.07
https://books.toscrape.com/catalogue/page-40.html,Quiet: The Power of Introverts in a World That Can't Stop Talking,£43.55
https://books.toscrape.com/catalogue/page-40.html,Prodigy: The Graphic Novel (Legend: The Graphic Novel #2),£43.63
https://books.toscrape.com/catalogue/page-40.html,Persepolis: The Story of a Childhood (Persepolis #1-2),£39.13
https://books.toscrape.com/catalogue/page-40.html,Packing for Mars: The Curious Science of Life in the Void,£56.68
https://books.toscrape.com/catalogue/page-40.html,Outliers: The Story of Success,£14.16
https://books.toscrape.com/catalogue/page-40.html,Original Fake,£31.45
https://books.toscrape.com/catalogue/page-40.html,Orange Is the New Black,£24.61
https://books.toscrape.com/catalogue/page-40.html,One for the Money (Stephanie Plum #1),£32.87
https://books.toscrape.com/catalogue/page-41.html,Notes from a Small Island (Notes From a Small Island #1),£40.17
https://books.toscrape.com/catalogue/page-41.html,Night (The Night Trilogy #1),£13.51
https://books.toscrape.com/catalogue/page-41.html,Neither Here nor There: Travels in Europe,£38.95
https://books.toscrape.com/catalogue/page-41.html,Naked,£31.69
https://books.toscrape.com/catalogue/page-41.html,Morning Star (Red Rising #3),£29.40
https://books.toscrape.com/catalogue/page-41.html,"Miracles from Heaven: A Little Girl, Her Journey to Heaven, and Her Amazing Story of Healing",£57.83
https://books.toscrape.com/catalogue/page-41.html,Midnight Riot (Peter Grant/ Rivers of London - books #1),£55.46
https://books.toscrape.com/catalogue/page-41.html,Me Talk Pretty One Day,£57.60
https://books.toscrape.com/catalogue/page-41.html,Manuscript Found in Accra,£34.98
https://books.toscrape.com/catalogue/page-41.html,Lust & Wonder,£11.87
https://books.toscrape.com/catalogue/page-41.html,Lila (Gilead #3),£12.47
https://books.toscrape.com/catalogue/page-41.html,"Life, the Universe and Everything (Hitchhiker's Guide to the Galaxy #3)",£33.26
https://books.toscrape.com/catalogue/page-41.html,Life Without a Recipe,£59.04
https://books.toscrape.com/catalogue/page-41.html,Life After Life,£26.13
https://books.toscrape.com/catalogue/page-41.html,Letter to a Christian Nation,£22.20
https://books.toscrape.com/catalogue/page-41.html,Let's Pretend This Never Happened: A Mostly True Memoir,£45.11
https://books.toscrape.com/catalogue/page-41.html,Legend (Legend #1),£43.69
https://books.toscrape.com/catalogue/page-41.html,"Lean In: Women, Work, and the Will to Lead",£25.02
https://books.toscrape.com/catalogue/page-41.html,"Lamb: The Gospel According to Biff, Christ's Childhood Pal",£55.50
https://books.toscrape.com/catalogue/page-41.html,Lady Renegades (Rebel Belle #3),£53.04
https://books.toscrape.com/catalogue/page-42.html,Jurassic Park (Jurassic Park #1),£44.97
https://books.toscrape.com/catalogue/page-42.html,It's Never Too Late to Begin Again: Discovering Creativity and Meaning at Midlife and Beyond,£42.38
https://books.toscrape.com/catalogue/page-42.html,Is Everyone Hanging Out Without Me? (And Other Concerns),£20.11
https://books.toscrape.com/catalogue/page-42.html,Into the Wild,£56.70
https://books.toscrape.com/catalogue/page-42.html,Inferno (Robert Langdon #4),£41.00
https://books.toscrape.com/catalogue/page-42.html,"In the Garden of Beasts: Love, Terror, and an American Family in Hitler's Berlin",£28.85
https://books.toscrape.com/catalogue/page-42.html,If I Run (If I Run #1),£49.97
https://books.toscrape.com/catalogue/page-42.html,I've Got Your Number,£19.69
https://books.toscrape.com/catalogue/page-42.html,I Am Malala: The Girl Who Stood Up for Education and Was Shot by the Taliban,£28.88
https://books.toscrape.com/catalogue/page-42.html,Hungry Girl Clean & Hungry: Easy All-Natural Recipes for Healthy Eating in the Real World,£33.14
https://books.toscrape.com/catalogue/page-42.html,"House of Lost Worlds: Dinosaurs, Dynasties, and the Story of Life on Earth",£43.70
https://books.toscrape.com/catalogue/page-42.html,House of Leaves,£54.89
https://books.toscrape.com/catalogue/page-42.html,Horrible Bear!,£37.52
https://books.toscrape.com/catalogue/page-42.html,Holidays on Ice,£51.07
https://books.toscrape.com/catalogue/page-42.html,Heir to the Sky,£44.07
https://books.toscrape.com/catalogue/page-42.html,Green Eggs and Ham (Beginner Books B-16),£10.79
https://books.toscrape.com/catalogue/page-42.html,"Grayson, Vol 3: Nemesis (Grayson #3)",£42.72
https://books.toscrape.com/catalogue/page-42.html,Gratitude,£26.66
https://books.toscrape.com/catalogue/page-42.html,Gone Girl,£37.60
https://books.toscrape.com/catalogue/page-42.html,Golden (Heart of Dread #3),£42.21
https://books.toscrape.com/catalogue/page-43.html,Girl in the Blue Coat,£46.83
https://books.toscrape.com/catalogue/page-43.html,"Fruits Basket, Vol. 3 (Fruits Basket #3)",£45.17
https://books.toscrape.com/catalogue/page-43.html,"Friday Night Lights: A Town, a Team, and a Dream",£51.22
https://books.toscrape.com/catalogue/page-43.html,Fire Bound (Sea Haven/Sisters of the Heart #5),£21.28
https://books.toscrape.com/catalogue/page-43.html,Fifty Shades Freed (Fifty Shades #3),£15.36
https://books.toscrape.com/catalogue/page-43.html,Fellside,£38.62
https://books.toscrape.com/catalogue/page-43.html,Extreme Prey (Lucas Davenport #26),£25.40
https://books.toscrape.com/catalogue/page-43.html,Eragon (The Inheritance Cycle #1),£43.87
https://books.toscrape.com/catalogue/page-43.html,Eclipse (Twilight #3),£18.74
https://books.toscrape.com/catalogue/page-43.html,Dune (Dune #1),£54.86
https://books.toscrape.com/catalogue/page-43.html,Dracula,£52.62
https://books.toscrape.com/catalogue/page-43.html,Do Androids Dream of Electric Sheep? (Blade Runner #1),£51.48
https://books.toscrape.com/catalogue/page-43.html,Disrupted: My Misadventure in the Start-Up Bubble,£15.28
https://books.toscrape.com/catalogue/page-43.html,Dead Wake: The Last Crossing of the Lusitania,£39.24
https://books.toscrape.com/catalogue/page-43.html,"David and Goliath: Underdogs, Misfits, and the Art of Battling Giants",£17.81
https://books.toscrape.com/catalogue/page-43.html,Darkfever (Fever #1),£56.02
https://books.toscrape.com/catalogue/page-43.html,Dark Places,£23.90
https://books.toscrape.com/catalogue/page-43.html,Crazy Rich Asians (Crazy Rich Asians #1),£49.13
https://books.toscrape.com/catalogue/page-43.html,Counting Thyme,£10.62
https://books.toscrape.com/catalogue/page-43.html,Cosmos,£36.17
https://books.toscrape.com/catalogue/page-44.html,Civilization and Its Discontents,£59.95
https://books.toscrape.com/catalogue/page-44.html,Cinder (The Lunar Chronicles #1),£26.09
https://books.toscrape.com/catalogue/page-44.html,Catastrophic Happiness: Finding Joy in Childhood's Messy Years,£37.35
https://books.toscrape.com/catalogue/page-44.html,Career of Evil (Cormoran Strike #3),£24.72
https://books.toscrape.com/catalogue/page-44.html,Breaking Dawn (Twilight #4),£35.28
https://books.toscrape.com/catalogue/page-44.html,Brave Enough,£51.32
https://books.toscrape.com/catalogue/page-44.html,Boy Meets Boy,£21.12
https://books.toscrape.com/catalogue/page-44.html,"Born to Run: A Hidden Tribe, Superathletes, and the Greatest Race the World Has Never Seen",£27.35
https://books.toscrape.com/catalogue/page-44.html,Blink: The Power of Thinking Without Thinking,£21.74
https://books.toscrape.com/catalogue/page-44.html,Black Flags: The Rise of ISIS,£40.87
https://books.toscrape.com/catalogue/page-44.html,"Black Butler, Vol. 1 (Black Butler #1)",£49.31
https://books.toscrape.com/catalogue/page-44.html,Big Little Lies,£22.11
https://books.toscrape.com/catalogue/page-44.html,Between Shades of Gray,£20.79
https://books.toscrape.com/catalogue/page-44.html,Best of My Love (Fool's Gold #20),£27.41
https://books.toscrape.com/catalogue/page-44.html,Beowulf,£38.35
https://books.toscrape.com/catalogue/page-44.html,Beautiful Creatures (Caster Chronicles #1),£21.55
https://books.toscrape.com/catalogue/page-44.html,Awkward,£38.02
https://books.toscrape.com/catalogue/page-44.html,Ash,£22.06
https://books.toscrape.com/catalogue/page-44.html,Are We There Yet?,£10.66
https://books.toscrape.com/catalogue/page-44.html,Are We Smart Enough to Know How Smart Animals Are?,£56.58
https://books.toscrape.com/catalogue/page-45.html,Annie on My Mind,£36.83
https://books.toscrape.com/catalogue/page-45.html,And Then There Were None,£35.01
https://books.toscrape.com/catalogue/page-45.html,A Walk in the Woods: Rediscovering America on the Appalachian Trail,£30.48
https://books.toscrape.com/catalogue/page-45.html,A Visit from the Goon Squad,£14.08
https://books.toscrape.com/catalogue/page-45.html,A Storm of Swords (A Song of Ice and Fire #3),£31.22
https://books.toscrape.com/catalogue/page-45.html,A Heartbreaking Work of Staggering Genius,£54.29
https://books.toscrape.com/catalogue/page-45.html,8 Keys to Mental Health Through Exercise,£31.04
https://books.toscrape.com/catalogue/page-45.html,#GIRLBOSS,£50.96
https://books.toscrape.com/catalogue/page-45.html,"The Suffragettes (Little Black Classics, #96)",£11.89
https://books.toscrape.com/catalogue/page-45.html,The Sense of an Ending,£31.38
https://books.toscrape.com/catalogue/page-45.html,"The Sandman, Vol. 2: The Doll's House (The Sandman (volumes) #2)",£54.81
https://books.toscrape.com/catalogue/page-45.html,The Course of Love,£16.78
https://books.toscrape.com/catalogue/page-45.html,Sugar Rush (Offensive Line #2),£24.42
https://books.toscrape.com/catalogue/page-45.html,"Saga, Volume 2 (Saga (Collected Editions) #2)",£11.75
https://books.toscrape.com/catalogue/page-45.html,"Run, Spot, Run: The Ethics of Keeping Pets",£20.02
https://books.toscrape.com/catalogue/page-45.html,New Moon (Twilight #2),£12.86
https://books.toscrape.com/catalogue/page-45.html,Life,£31.58
https://books.toscrape.com/catalogue/page-45.html,Kindle Paperwhite User's Guide,£34.00
https://books.toscrape.com/catalogue/page-45.html,H is for Hawk,£57.42
https://books.toscrape.com/catalogue/page-45.html,Girl Online On Tour (Girl Online #2),£53.47
https://books.toscrape.com/catalogue/page-46.html,"Fruits Basket, Vol. 2 (Fruits Basket #2)",£11.64
https://books.toscrape.com/catalogue/page-46.html,Diary of a Minecraft Zombie Book 1: A Scare of a Dare (An Unofficial Minecraft Book),£52.88
https://books.toscrape.com/catalogue/page-46.html,"Y: The Last Man, Vol. 1: Unmanned (Y: The Last Man #1)",£18.51
https://books.toscrape.com/catalogue/page-46.html,While You Were Mine,£41.32
https://books.toscrape.com/catalogue/page-46.html,Where Lightning Strikes (Bleeding Stars #3),£39.77
https://books.toscrape.com/catalogue/page-46.html,When I'm Gone,£51.96
https://books.toscrape.com/catalogue/page-46.html,Ways of Seeing,£39.51
https://books.toscrape.com/catalogue/page-46.html,"Vampire Knight, Vol. 1 (Vampire Knight #1)",£15.40
https://books.toscrape.com/catalogue/page-46.html,Vampire Girl (Vampire Girl #1),£53.82
https://books.toscrape.com/catalogue/page-46.html,Twenty Love Poems and a Song of Despair,£30.95
https://books.toscrape.com/catalogue/page-46.html,Travels with Charley: In Search of America,£57.82
https://books.toscrape.com/catalogue/page-46.html,Three Wishes (River of Time: California #1),£44.18
https://books.toscrape.com/catalogue/page-46.html,This One Moment (Pushing Limits #1),£48.71
https://books.toscrape.com/catalogue/page-46.html,The Zombie Room,£19.69
https://books.toscrape.com/catalogue/page-46.html,"The Wicked + The Divine, Vol. 1: The Faust Act (The Wicked + The Divine)",£36.52
https://books.toscrape.com/catalogue/page-46.html,The Tumor,£41.56
https://books.toscrape.com/catalogue/page-46.html,The Story of Hong Gildong,£43.19
https://books.toscrape.com/catalogue/page-46.html,The Silent Wife,£12.34
https://books.toscrape.com/catalogue/page-46.html,The Silent Twin (Detective Jennifer Knight #3),£36.25
https://books.toscrape.com/catalogue/page-46.html,The Selfish Gene,£29.45
https://books.toscrape.com/catalogue/page-47.html,The Secret Healer,£34.56
https://books.toscrape.com/catalogue/page-47.html,"The Sandman, Vol. 1: Preludes and Nocturnes (The Sandman (volumes) #1)",£54.12
https://books.toscrape.com/catalogue/page-47.html,The Republic,£33.78
https://books.toscrape.com/catalogue/page-47.html,The Odyssey,£29.64
https://books.toscrape.com/catalogue/page-47.html,The No. 1 Ladies' Detective Agency (No. 1 Ladies' Detective Agency #1),£57.70
https://books.toscrape.com/catalogue/page-47.html,The Nicomachean Ethics,£36.34
https://books.toscrape.com/catalogue/page-47.html,The Name of the Wind (The Kingkiller Chronicle #1),£50.59
https://books.toscrape.com/catalogue/page-47.html,The Mirror & the Maze (The Wrath and the Dawn #1.5),£29.38
https://books.toscrape.com/catalogue/page-47.html,The Little Prince,£45.42
https://books.toscrape.com/catalogue/page-47.html,The Light of the Fireflies,£54.43
https://books.toscrape.com/catalogue/page-47.html,The Last Girl (The Dominion Trilogy #1),£36.26
https://books.toscrape.com/catalogue/page-47.html,The Iliad,£16.16
https://books.toscrape.com/catalogue/page-47.html,The Hook Up (Game On #1),£36.29
https://books.toscrape.com/catalogue/page-47.html,The Haters,£27.89
https://books.toscrape.com/catalogue/page-47.html,The Girl You Lost,£12.29
https://books.toscrape.com/catalogue/page-47.html,The Girl In The Ice (DCI Erika Foster #1),£15.85
https://books.toscrape.com/catalogue/page-47.html,The End of the Jesus Era (An Investigation #1),£14.40
https://books.toscrape.com/catalogue/page-47.html,The Edge of Reason (Bridget Jones #2),£19.18
https://books.toscrape.com/catalogue/page-47.html,The Complete Maus (Maus #1-2),£10.64
https://books.toscrape.com/catalogue/page-47.html,The Communist Manifesto,£14.76
https://books.toscrape.com/catalogue/page-48.html,The Bhagavad Gita,£57.49
https://books.toscrape.com/catalogue/page-48.html,The Bette Davis Club,£30.66
https://books.toscrape.com/catalogue/page-48.html,The Art of Not Breathing,£40.83
https://books.toscrape.com/catalogue/page-48.html,Taking Shots (Assassins #1),£18.88
https://books.toscrape.com/catalogue/page-48.html,Starlark,£25.83
https://books.toscrape.com/catalogue/page-48.html,"Skip Beat!, Vol. 01 (Skip Beat! #1)",£42.12
https://books.toscrape.com/catalogue/page-48.html,Sister Sable (The Mad Queen #1),£13.33
https://books.toscrape.com/catalogue/page-48.html,Shatter Me (Shatter Me #1),£42.40
https://books.toscrape.com/catalogue/page-48.html,Shameless,£58.35
https://books.toscrape.com/catalogue/page-48.html,Shadow Rites (Jane Yellowrock #10),£21.72
https://books.toscrape.com/catalogue/page-48.html,Settling the Score (The Summer Games #1),£44.91
https://books.toscrape.com/catalogue/page-48.html,Sense and Sensibility,£37.46
https://books.toscrape.com/catalogue/page-48.html,"Saga, Volume 1 (Saga (Collected Editions) #1)",£28.48
https://books.toscrape.com/catalogue/page-48.html,"Rhythm, Chord & Malykhin",£28.34
https://books.toscrape.com/catalogue/page-48.html,"Rat Queens, Vol. 1: Sass & Sorcery (Rat Queens (Collected Editions) #1-5)",£46.96
https://books.toscrape.com/catalogue/page-48.html,Paradise Lost (Paradise #1),£24.96
https://books.toscrape.com/catalogue/page-48.html,"Paper Girls, Vol. 1 (Paper Girls #1-5)",£21.71
https://books.toscrape.com/catalogue/page-48.html,"Ouran High School Host Club, Vol. 1 (Ouran High School Host Club #1)",£29.87
https://books.toscrape.com/catalogue/page-48.html,Origins (Alphas 0.5),£28.99
https://books.toscrape.com/catalogue/page-48.html,One Second (Seven #7),£52.94
https://books.toscrape.com/catalogue/page-49.html,On the Road (Duluoz Legend),£32.36
https://books.toscrape.com/catalogue/page-49.html,Old Records Never Die: One Man's Quest for His Vinyl and His Past,£55.66
https://books.toscrape.com/catalogue/page-49.html,Off Sides (Off #1),£39.45
https://books.toscrape.com/catalogue/page-49.html,Of Mice and Men,£47.11
https://books.toscrape.com/catalogue/page-49.html,Myriad (Prentor #1),£58.75
https://books.toscrape.com/catalogue/page-49.html,My Perfect Mistake (Over the Top #1),£38.92
https://books.toscrape.com/catalogue/page-49.html,"Ms. Marvel, Vol. 1: No Normal (Ms. Marvel (2014-2015) #1)",£39.39
https://books.toscrape.com/catalogue/page-49.html,Meditations,£25.89
https://books.toscrape.com/catalogue/page-49.html,Matilda,£28.34
https://books.toscrape.com/catalogue/page-49.html,Lost Among the Living,£27.70
https://books.toscrape.com/catalogue/page-49.html,Lord of the Flies,£24.89
https://books.toscrape.com/catalogue/page-49.html,Listen to Me (Fusion #1),£58.99
https://books.toscrape.com/catalogue/page-49.html,Kitchens of the Great Midwest,£57.20
https://books.toscrape.com/catalogue/page-49.html,Jane Eyre,£38.43
https://books.toscrape.com/catalogue/page-49.html,Imperfect Harmony,£34.74
https://books.toscrape.com/catalogue/page-49.html,Icing (Aces Hockey #2),£40.44
https://books.toscrape.com/catalogue/page-49.html,"Hawkeye, Vol. 1: My Life as a Weapon (Hawkeye #1)",£45.24
https://books.toscrape.com/catalogue/page-49.html,Having the Barbarian's Baby (Ice Planet Barbarians #7.5),£34.96
https://books.toscrape.com/catalogue/page-49.html,"Giant Days, Vol. 1 (Giant Days #1-4)",£56.76
https://books.toscrape.com/catalogue/page-49.html,"Fruits Basket, Vol. 1 (Fruits Basket #1)",£40.28
https://books.toscrape.com/catalogue/page-50.html,Frankenstein,£38.00
https://books.toscrape.com/catalogue/page-50.html,Forever Rockers (The Rocker #12),£28.80
https://books.toscrape.com/catalogue/page-50.html,Fighting Fate (Fighting #6),£39.24
https://books.toscrape.com/catalogue/page-50.html,Emma,£32.93
https://books.toscrape.com/catalogue/page-50.html,"Eat, Pray, Love",£51.32
https://books.toscrape.com/catalogue/page-50.html,Deep Under (Walker Security #1),£47.09
https://books.toscrape.com/catalogue/page-50.html,Choosing Our Religion: The Spiritual Lives of America's Nones,£28.42
https://books.toscrape.com/catalogue/page-50.html,Charlie and the Chocolate Factory (Charlie Bucket #1),£22.85
https://books.toscrape.com/catalogue/page-50.html,Charity's Cross (Charles Towne Belles #4),£41.24
https://books.toscrape.com/catalogue/page-50.html,Bright Lines,£39.07
https://books.toscrape.com/catalogue/page-50.html,Bridget Jones's Diary (Bridget Jones #1),£29.82
https://books.toscrape.com/catalogue/page-50.html,Bounty (Colorado Mountain #7),£37.26
https://books.toscrape.com/catalogue/page-50.html,Blood Defense (Samantha Brinkman #1),£20.30
https://books.toscrape.com/catalogue/page-50.html,"Bleach, Vol. 1: Strawberry and the Soul Reapers (Bleach #1)",£34.65
https://books.toscrape.com/catalogue/page-50.html,Beyond Good and Evil,£43.38
https://books.toscrape.com/catalogue/page-50.html,Alice in Wonderland (Alice's Adventures in Wonderland #1),£55.53
https://books.toscrape.com/catalogue/page-50.html,"Ajin: Demi-Human, Volume 1 (Ajin: Demi-Human #1)",£57.06
https://books.toscrape.com/catalogue/page-50.html,A Spy's Devotion (The Regency Spies of London #1),£16.97
https://books.toscrape.com/catalogue/page-50.html,1st to Die (Women's Murder Club #1),£53.98
https://books.toscrape.com/catalogue/page-50.html,"1,000 Places to See Before You Die",£26.08
